0,1,2,3,4,5,6,7,8,9,10,11,12,13,14,15,16,17,18,19,20,21,22,23,24,25,26,27,28,29,30,31,32,33,34,35,36,37,38,39,40,41,42,43,44,45,46,47,48,49,50,51,52,53,54,55,56,57,58,59,60,61,62,63,64,65,66,67,68,69,70,71,72,73,74,75,76,77,78,79,80,81,82,83,84,85,86,87,88,89
147.46396262063885,146.0253382486672,145.8683265676551,144.33632316999737,145.34674514890142,143.70103632598213,142.07258743491352,141.26384226708828,141.3812090449351,139.7660523175976,139.2813803584439,139.13879554877082,139.94194540467592,138.64022397845812,138.94912090580533,139.7975940394209,140.2836759219809,140.88397043689122,142.26390404105075,144.01518922735693,144.8190365132429,145.50349679055546,145.72038024624976,145.7864214593095,146.7994230692032,147.37260900389748,148.45714053931545,147.94985447327883,149.807722007855,150.14961195947564,148.96685014758165,147.34240086500046,146.33282331559616,142.34994410053193,140.68208494027363,138.73139699916047,133.02840691582884,129.5214919849609,124.44329506293687,122.39892526232458,117.16788796558434,115.54972097749116,110.59901725275729,109.55238014230201,108.91848095034436,106.8706775907118,105.69660848224454,103.78705852077033,101.42572445707451,99.56757801528703,96.78986185625294,96.78671991803425,95.47779128900582,93.79349075775072,92.22083951380424,89.71330749211965,86.74482694473868,86.95724086149042,88.33281805799903,87.04140884084921,83.46763962720539,81.15599981738922,79.69266856877236,78.393472047475,77.20912079884187,77.47155634632823,83.43874404110234,95.17339684696151,103.12206006495526,113.33913922949961,123.9554603863657,132.63262698072862,140.76744033826844,150.67952412241925,,,,,,,,,,,,,,,,
155.65119377553347,160.4706175149554,161.45971895136853,164.026684125193,164.82719201146116,163.0165181413138,160.24900782931886,158.2102407329901,157.5360489110569,151.6096509773951,141.46239334085118,130.79675139628944,122.92529514310085,118.13594753675522,108.74983699361198,103.65028994792846,97.21145984660967,94.16628667810629,90.83031548625802,84.99761465773474,82.4536987469296,81.56748348297538,81.08977121532669,80.2916121975437,80.70820044180829,81.58495541438747,83.29701125744863,85.82315111484701,89.53042264253426,98.77599504970887,108.73248493568416,113.00272114750489,117.6442868948542,124.27673131740063,138.20230345839133,149.48556598746916,155.68802376990396,,,,,,,,,,,,,,,,,,,,,,,,,,,,,,,,,,,,,,,,,,,,,,,,,,,,,
162.52633281229888,163.68498650915924,163.6663802727415,162.77356752384122,160.98870289818245,161.09174116770527,159.975660677501,158.14836044511998,157.495144938431,153.56199631252784,146.16799441711032,133.92777855348933,127.49826847312278,121.52684188726886,115.36321811262589,106.43954361980484,102.82681813037145,98.73906042666634,95.01228645681095,90.07355825146152,86.31780174483498,83.77939795251295,82.93226031930269,81.24986120301179,82.42179525007292,83.75162833496177,85.07822914559344,86.39302123768347,90.4212849041686,96.74251643919293,106.71566936312345,112.17114165194597,123.4533094540727,132.93189576523994,138.5818810544022,143.72836623160887,150.98377992441627,,,,,,,,,,,,,,,,,,,,,,,,,,,,,,,,,,,,,,,,,,,,,,,,,,,,,
161.56896736445532,163.81585920174282,167.19396379817425,169.7240694468531,169.70217249230546,165.45642106885077,160.8665940343667,157.92078260183936,158.46263523909047,148.00976689026132,139.93608179971056,128.1208867743689,122.65375798531207,113.9612890755299,110.1389884211472,104.62479102940206,94.84664238399178,91.66063097251603,86.75075854544755,82.3605047648098,79.82651919183147,78.98103237398752,78.98103237398752,79.85625669128586,80.62819550188696,81.52885536698517,82.32552048310606,85.94326213870512,91.58017247280002,97.64783649117072,106.04866864328967,109.58453068016703,118.351163165695,125.06287476377385,132.52500452583132,136.10512795123134,146.54049774660933,152.07447297301783,,,,,,,,,,,,,,,,,,,,,,,,,,,,,,,,,,,,,,,,,,,,,,,,,,,,
159.10752993800216,162.18391382999147,168.11447471756307,170.55403632957788,172.29771573373378,171.07260117114816,169.85185753338672,168.0837201421415,166.32661625660893,165.43010447134088,150.33411877576,141.77603168161778,136.0036893683468,130.88938570456455,119.7946172041661,115.27427026667455,108.38392855188991,103.75788329564399,97.24769756011693,94.13993680399436,89.46470238508726,87.02137097589821,84.87324250418713,82.79853836021796,80.73191669860694,80.73191669860694,81.85279059865121,82.75409421747729,84.02267667270635,86.85339926861722,90.08361725671911,98.15110520494292,104.50518061516581,109.65124293455236,116.74439049944776,121.87000017722224,131.453555218641,136.71835800165545,143.46244920902316,153.71821817802876,,,,,,,,,,,,,,,,,,,,,,,,,,,,,,,,,,,,,,,,,,,,,,,,,,
157.97744823417847,159.63456946465254,163.08459892795943,165.01108974212488,164.29412301421027,161.95047499047354,160.00539334004114,158.12253623803238,153.69746289305593,142.76610539821698,134.92092546527337,125.58437360845967,121.24044388390814,114.64899917106344,111.81637466195544,108.47077282150333,104.60820867265778,97.95723160367677,95.93136725570876,92.20525363879756,90.95421769760367,88.44173960108328,86.80154024836833,86.31725775140733,86.32581897452377,87.1467630849159,88.39531958387379,90.08011666647512,95.29447160028765,104.53564749374098,110.00468972129839,115.01916306730513,118.2946283613908,123.56677423299139,132.0905547578249,137.67014798525653,144.4605422058045,153.86252132975542,,,,,,,,,,,,,,,,,,,,,,,,,,,,,,,,,,,,,,,,,,,,,,,,,,,,
158.70338100541957,165.25643716352928,168.57046005642343,169.67011281649394,171.36859258196438,172.16598508554137,167.9077776450618,164.8290201265381,159.76129393957183,153.54973107142507,143.59238807239657,136.51662513792843,130.23772519572805,124.90552980943829,116.89040701844115,113.01834984906607,108.49795599409033,103.86221597229324,95.04236126992618,92.10551418885603,89.98167610120153,86.66860862807033,83.73442378615003,81.59902912592344,81.12071693739844,80.65589194869952,81.49240395456118,83.22244438656936,84.93512059880992,88.78451761741063,97.54565392034098,103.95247776808493,112.10970630541706,116.4879036817941,120.9300044032383,128.41735630038107,133.73204107196992,147.19303447550695,154.44705838801232,,,,,,,,,,,,,,,,,,,,,,,,,,,,,,,,,,,,,,,,,,,,,,,,,,,
157.31277871079206,160.1159248456365,164.25724583510453,165.47058827949107,162.29449027532178,159.755256453445,155.8117044384192,146.86113217640357,138.74160277788522,128.50922836552434,123.91197924737041,120.4710190094493,114.37646861667477,111.31523018176995,103.68219350901994,95.7892617368268,93.34805638147412,89.2320558625268,86.28616347590433,84.59926163529808,83.33869836022986,82.51496104962666,82.11568042985955,83.39350051336729,84.74619724873774,85.65417862909922,93.46410378724735,100.14109123714658,108.81092872748114,114.15256740943587,122.2783298863921,131.7446040795249,137.88222743574337,148.6980797551177,153.73060156966977,,,,,,,,,,,,,,,,,,,,,,,,,,,,,,,,,,,,,,,,,,,,,,,,,,,,,,,
157.19691171916313,162.57868496378643,163.76568291198137,164.1762073704532,160.26269624003223,157.27362579774896,155.25973609150796,147.8294325028023,138.3849401917402,132.31918363164266,123.20698361343693,114.27589729810217,108.60746821309696,103.70561804202951,96.26349061433454,92.89702995090474,89.11024006882344,87.0034278995996,84.01977023078742,82.70329304487724,81.37335231904538,81.73558092719563,82.58188057428225,83.94530223648934,85.24473304860072,87.90051694831658,93.3376823142327,102.68696966779295,112.04469980213415,116.57167649845377,121.7594800848128,131.66168280644726,141.30559914483274,148.4030146000928,156.18668017138884,,,,,,,,,,,,,,,,,,,,,,,,,,,,,,,,,,,,,,,,,,,,,,,,,,,,,,,
158.60247687587616,157.95311285814884,156.58318709016694,154.44003482817618,151.96618332290146,150.12697477151036,143.97153366372027,136.5931190060017,125.5580098633399,118.53636204545015,114.47766327500547,111.08322438255082,105.79812763219839,100.39592622543519,96.70312236647254,90.02122627352438,87.54596832547293,85.42458904188707,82.82275414914498,81.82774085034337,79.78123451165091,78.04364382819713,77.22993796378988,79.34418836799234,81.10053289190421,82.55229738267155,89.56263613247927,95.98814837577551,101.07859141821808,107.56729568373918,114.30743195300525,117.51506312087015,122.13263076940659,129.07200099549243,133.865578369023,145.07433273010278,149.47582348783186,153.31867420772866,,,,,,,,,,,,,,,,,,,,,,,,,,,,,,,,,,,,,,,,,,,,,,,,,,,,
159.02574483891942,162.36821042888826,163.57081373531125,163.68498650915924,161.09518040883154,158.6614916240504,153.58993654520725,148.04640664687045,140.5322714643607,128.11392682125202,121.58455333712374,114.00400764811762,109.19546760005288,105.41571763157309,97.21278760029674,94.18491612511842,89.65360816768273,87.10653078079552,83.75638764768034,82.03958943639046,79.90758548506622,78.99957745561179,78.91210305103641,79.7266900093161,81.43285150218544,83.23382517744693,86.02550646941968,90.25464623227286,98.04793174431082,104.54402256284651,110.12309519117844,117.06323865684102,121.4136593594199,126.41693997113879,134.97094534756496,140.14344440659204,150.9554199645829,,,,,,,,,,,,,,,,,,,,,,,,,,,,,,,,,,,,,,,,,,,,,,,,,,,,,
156.28293987455172,158.22894589068255,158.44701209910443,159.13247533466244,158.27065621666526,155.89318214815543,153.75254966922066,152.06616497943196,144.5104271084037,135.7922162333464,129.33465115688648,122.18263176720482,117.54258830832727,114.4716205337049,108.51063673069625,105.36846332179611,99.31960789254052,94.29971839210009,92.18738266135495,90.51688727168505,87.49781294821376,86.62911315394715,85.76703829586421,84.90263101813471,83.26198767595154,83.27239184861968,85.80223991240098,86.32969801609772,90.1619527020203,95.56673861200854,105.76665001587516,111.85715025279916,119.32277995203566,124.67033813008982,130.3895506133395,135.41855285210178,148.73413204614624,154.2837130944756,,,,,,,,,,,,,,,,,,,,,,,,,,,,,,,,,,,,,,,,,,,,,,,,,,,,
155.8729486296723,155.2968387442548,157.05538280671095,156.6593353391561,156.26540570557535,154.19183986017774,148.7337617783108,141.70038402910328,133.66778014613035,128.18953689832,119.96091606987127,117.19704389852987,111.43285897053521,106.23317202359308,101.25178878538254,94.67214616667229,89.67809907970936,88.01103091486317,85.49276135400886,83.77562914028513,82.16348795511871,83.41015812932613,85.50981874544095,86.32638730091855,86.80745138103545,90.5484654212242,99.82366947106284,106.80704560855592,111.80140948635182,117.77350887433904,123.02226340625133,126.8107078120311,134.2755220659935,144.2726017772003,147.56062695260314,151.64699360563284,,,,,,,,,,,,,,,,,,,,,,,,,,,,,,,,,,,,,,,,,,,,,,,,,,,,,,
154.25728646317862,155.81076047947292,158.12731713435232,157.73188182035793,155.96559682158792,154.42015113100163,153.36591779666924,148.04855386145655,136.87258844337597,130.30498396390306,118.44382072417548,113.1295538162593,109.76448100536511,101.97209391947636,96.42874774882986,89.97555901630041,87.13759477388825,85.0411808950264,80.56884373372371,79.25414277042215,78.00458241426537,76.7594800848128,75.91680351451603,75.86393820185292,76.71517655479529,77.07456218439448,78.1192569244925,80.64745137040303,86.02750405924934,91.2398679858512,101.60083115769183,109.95328563783723,114.04273720097972,117.1462680513602,124.63799139411854,129.1940687985507,137.43280872936765,143.94275394840972,151.8520909228104,,,,,,,,,,,,,,,,,,,,,,,,,,,,,,,,,,,,,,,,,,,,,,,,,,,
154.43177818240503,159.7337130793619,161.63602450064096,162.3389781494885,161.0642591239118,158.17590211217578,157.02634695473103,155.40000284838956,149.5081273609187,137.64440701892806,131.2623704565899,126.24989324125379,118.96358865119544,114.56277277510904,111.82409788782421,104.03844137520166,97.6028019063721,93.08203828069328,91.04721209318595,87.7039560952578,85.14297761044332,84.15417276894438,82.51004731536756,82.09816647599744,82.83857456077777,84.97280839420901,87.29713830622599,92.41707422907896,97.21934533056104,103.324375654367,112.17164705999414,116.61488802694471,122.83630924971027,130.96956582996418,136.54237083105372,147.3833849251983,153.96149626828952,,,,,,,,,,,,,,,,,,,,,,,,,,,,,,,,,,,,,,,,,,,,,,,,,,,,,
157.60513666060996,159.32196306261372,159.69155816347805,159.09514099187098,157.73414073627498,155.57467184999558,153.7243615588566,148.32930014315332,136.32582929558265,127.30361255659112,120.61844917056015,114.89265681598873,110.94747058695117,106.08307647758642,104.1480315796692,102.58472840323117,97.05205524288823,96.33395920166025,94.2594167434392,91.32052504778353,89.14409238609412,89.55585556688807,89.97406550838517,91.21266819812226,91.17548187319662,96.90215552988326,102.91461289014642,108.18365315571307,112.16634582208245,119.01574810653824,129.70478706338287,136.59671183474086,147.56023709684558,153.62466925374733,,,,,,,,,,,,,,,,,,,,,,,,,,,,,,,,,,,,,,,,,,,,,,,,,,,,,,,,
157.41268946863428,162.64597536373867,164.40718906073363,165.02279472304426,164.18626653001243,161.72812226916395,159.88372000463096,156.94047863657156,148.84475722593288,140.74662975951244,136.78543938916386,128.79017385281375,123.57289840605486,115.68552044183609,113.29169062925519,106.11547640514121,100.10604476053888,95.52181662430998,93.3959869579112,90.1006015396581,88.4181567944407,86.35663552374794,85.49985694445022,85.91849476712947,86.29769230963373,88.44925640133009,88.00071562071061,88.77242116786546,92.06011102372312,102.2187991384022,109.7362454417226,114.04422326936782,118.7059525434011,126.2538377374448,131.90172997783617,139.35805358231238,150.2551187030578,,,,,,,,,,,,,,,,,,,,,,,,,,,,,,,,,,,,,,,,,,,,,,,,,,,,,
153.71821817802876,155.29256114972543,157.20561721694733,157.7162996125525,156.7809540143494,155.22701195124796,154.38324089032227,148.07116847538146,142.19402581933906,131.61188696768986,121.90028588472771,116.87280840437064,113.56096289968735,107.9803035968196,103.26017392778435,99.17905186381742,95.42855318876074,90.8862867462004,90.05026771053355,86.66801555782087,84.94743073569875,84.52785970383563,84.52785970383563,86.22869363043083,86.72615977493152,87.56838199089688,89.21318122967114,95.3777836662248,107.68170722028471,112.59075124144394,116.21137801783154,124.22854583980198,130.62818042019487,136.58133206930975,148.295248328323,153.75020949986796,,,,,,,,,,,,,,,,,,,,,,,,,,,,,,,,,,,,,,,,,,,,,,,,,,,,,,
157.67030856138098,159.79638483167489,160.89101427909347,159.64043628473314,159.37773392694166,156.3011080585915,156.16795810054452,149.07302233171166,137.59725503702813,131.11659119993797,125.36589432074769,119.42888730204729,115.28796826182304,110.29508213610042,105.08604473731468,101.8640806243418,98.05000579005144,92.12248237250793,88.35576085559123,85.43153131456964,83.26011801666571,82.82275414914498,82.80355500550877,84.12260739335687,84.95055333696625,88.32954176500445,92.01998104238766,102.44095092747307,107.68439202655775,111.65598903842249,119.20759647114272,122.27474379960822,127.29511720687938,132.07694115578732,140.36529387545968,148.64810869207324,153.11968814597606,,,,,,,,,,,,,,,,,,,,,,,,,,,,,,,,,,,,,,,,,,,,,,,,,,,,,
156.5420443115329,159.57627736159034,159.42091005305704,159.91250660452133,157.25031100031578,153.97461053564933,152.5449296636692,148.43347487341296,136.6321153545541,128.9451861234332,120.25728434573135,115.99084396672876,112.5842885604902,109.71352095884305,101.16895412562504,93.27031685015267,91.2175867629827,88.36342295838328,86.65534968173412,83.74773218917953,82.79828251952283,82.71597634558314,83.17883234209607,84.06553789765869,85.77652409709768,84.64589278551743,93.31701408467896,98.96155282695676,102.82723893314318,106.97433332301449,110.24136575232907,116.18246934167388,124.4303171933545,130.52593788160186,142.11367381502,150.9144586579721,,,,,,,,,,,,,,,,,,,,,,,,,,,,,,,,,,,,,,,,,,,,,,,,,,,,,,
156.504802499284,159.17077939703537,161.8489363937613,163.35338412804236,161.814682655701,159.77514056883192,157.50046746301928,156.788011274439,147.84168521267696,137.200575334277,131.11957799968053,126.29360642212819,118.60151501950007,114.28451939988656,108.82471001824007,106.31803017823195,103.12941843402498,97.0849633812821,95.91047448084083,94.19485123504366,91.25839345298456,90.0,90.3962648541186,90.82434282084515,92.06011102372312,93.67823872199338,96.90152847550573,100.87539005630734,106.8171128408682,114.10317514033979,118.00163481263644,119.494484612686,124.93030116530038,128.3984667770191,135.32217494015256,141.16154786172686,144.87433828466195,150.61343988681543,,,,,,,,,,,,,,,,,,,,,,,,,,,,,,,,,,,,,,,,,,,,,,,,,,,,
153.7774612517085,157.89108045250538,159.62894973561754,163.88925187185737,167.17595562782063,168.0145858809203,166.7354225875849,166.49573548348505,164.86863008834868,157.56561668126884,152.29544762877563,141.12432508731087,133.41914647036072,126.35895341185554,117.46042909171352,113.52282299013069,104.57070881039344,100.96514389224059,96.42874774882986,91.62497635752476,89.20427644726072,85.91438322002513,84.63799072197646,83.72095040925169,84.12260739335687,84.92039213998542,87.55108717959986,88.81238750999597,88.7811247648687,95.67035734389388,100.44781754947391,107.68439202655775,111.2092261342228,113.76597854377408,119.10556720485054,122.75721010095575,130.2499914652354,136.85518713988833,147.79087920115813,152.41254889299205,,,,,,,,,,,,,,,,,,,,,,,,,,,,,,,,,,,,,,,,,,,,,,,,,,
157.16502025708712,159.07217143473846,160.372890422129,159.97471168662904,158.67852660379117,157.62475399726364,156.99328141587597,152.3455584929851,144.38276288660856,137.4097326980592,132.883465853529,125.218310501843,119.69134750001352,114.57980997912479,112.0502205819853,105.00333223031154,100.45953530575879,94.22693062173524,91.72323757674747,90.06752403685546,86.66931976941274,85.81657674433194,84.55343937428789,84.10593195180914,84.49301025421792,85.34999897779552,87.07318751453063,88.83060550023075,94.9485474434166,99.59909764241574,107.80316570732998,112.37160381624045,116.35264888960452,119.75379499710832,124.44063489399505,128.46222207297097,131.7480084206616,134.35114673347323,141.65469445007435,145.63508432641183,151.48895242842232,,,,,,,,,,,,,,,,,,,,,,,,,,,,,,,,,,,,,,,,,,,,,,,,,
153.51139411380225,155.19587071326836,155.32936111857381,155.56395382138868,153.68920814392806,152.7867093585878,148.33959089115427,145.00269079753195,134.3637363113982,127.77461879610557,121.18236579891354,115.26713370271153,112.45545524912963,110.74980212412402,102.76735876753965,99.30445741273297,93.82817626047884,91.73570458892839,87.89325146101353,87.00771677008619,84.40066066347943,83.97328144626786,83.05096603923604,84.38653617864618,86.11776230585596,87.92000146536806,91.77604425335873,100.94529042742185,106.69592434917395,110.73230504445826,113.82826110021155,119.66023243305274,121.96434941955192,127.38212452534297,132.48618976382227,137.17917873976901,146.21048121938347,152.93683319306626,,,,,,,,,,,,,,,,,,,,,,,,,,,,,,,,,,,,,,,,,,,,,,,,,,,,
156.70932143717303,159.1106447335624,160.11799167840104,160.91776576886363,157.48991980774306,155.09381300962966,154.80725109385185,148.71540032849887,143.12778568831894,137.39444685583396,132.18184280073564,123.62474840605836,118.92959446014665,113.5107744504345,108.91723972401769,103.71477689397847,101.4695303328669,100.38522522886669,95.51335150594234,93.84737540877997,91.29216688624993,91.2790268271329,91.27303002005671,92.12109639666146,94.24812546642976,95.02459381774544,98.27005054881405,101.57977691345043,108.60880601542712,112.02727866917134,116.31443877343757,119.34290452029947,125.791589615227,129.06536061476064,135.8735972475037,140.8481421159795,144.12418252591812,148.71840674316542,153.76210621656313,,,,,,,,,,,,,,,,,,,,,,,,,,,,,,,,,,,,,,,,,,,,,,,,,,,
160.39001308430034,163.22215248757811,166.97756209158402,167.03849764825722,165.4398857495906,164.1811137337096,162.1140925759602,159.08276498956846,151.70167626357116,141.67981128622645,134.30542663152667,124.09962406078142,118.71430371662427,114.29677766438823,108.49270664560872,104.65541789097638,99.81468540822996,96.47395596867231,93.19578456687098,90.40924860803494,87.88891562602255,87.4462016423286,86.57379162360476,86.58564759314068,89.11859600341786,90.37304762609939,92.50770172706625,101.38917969805452,108.94650468950906,113.355564859286,114.92885093512135,118.26763693663327,128.04704253182607,133.4663154795336,147.00745962263915,152.77003732488745,,,,,,,,,,,,,,,,,,,,,,,,,,,,,,,,,,,,,,,,,,,,,,,,,,,,,,
157.38013505195957,159.39030706246794,161.366623360394,162.0212682255048,161.7365249066306,158.51569968327428,155.03735338894904,153.73499538957694,147.4259428654275,141.187829008972,129.53647745244484,122.82357935770342,115.76428992742757,112.36570517899855,106.12547591201249,100.41590003496908,94.5247684728342,93.33139137192968,91.23640760285615,88.32760563891074,87.89448581114397,87.43622978853499,88.30045301376349,87.83997406085646,90.0,90.41517954114487,97.40681991816587,102.65279995600835,107.13778867662722,110.89305874043085,116.2058346955275,120.06752376483446,126.94817051998297,131.28295478442013,141.2596146578972,147.29432176215298,154.61316878273766,,,,,,,,,,,,,,,,,,,,,,,,,,,,,,,,,,,,,,,,,,,,,,,,,,,,,
157.52857723006923,159.1525693784387,162.88659701841266,164.74601688999152,163.3978249781318,161.69835434429808,159.8973684895885,155.92852966766554,151.80512895891277,146.5578304599204,136.42311761217425,129.5962086397503,122.83697962865537,117.64175952124403,112.13638424281616,108.85012836406688,103.02584064687082,95.96448710125311,93.9004937423819,89.15123572844641,87.47388308838045,86.12874376801437,85.28856011570569,84.8055710922652,84.77945052157172,85.65036674450072,86.13321996064992,89.11859600341786,94.62415132842906,104.03624346792648,108.00089819078259,112.03596270398711,119.31730879010881,128.97625524411794,133.87242446167576,140.31675297478455,147.16425645838723,153.39888583099264,,,,,,,,,,,,,,,,,,,,,,,,,,,,,,,,,,,,,,,,,,,,,,,,,,,,
156.44263002703283,160.4565189439489,162.58589148955076,160.497797406942,158.6413355784713,156.1456372461144,155.13732559489273,149.03013115749187,143.47199969818678,131.92877681063447,124.13443045576865,120.07036679232964,114.00400764811762,105.93011129846504,102.09329211859172,98.40097087407658,93.40079368274088,90.42128490416859,88.3153156821037,86.15754687208515,85.27201218115779,85.24971552537713,85.27201218115779,84.84387120446942,85.31124839458833,86.23408054296881,90.35290206101322,100.55845694812832,107.04393393631568,111.43460412941803,118.24557398260158,120.98494132175843,123.43747939224815,132.4686416582422,138.56426166893002,146.83316705620442,150.73815280051198,,,,,,,,,,,,,,,,,,,,,,,,,,,,,,,,,,,,,,,,,,,,,,,,,,,,,
154.43883859919518,155.96559682158792,156.8470510340486,156.59977219103064,155.94970147039487,153.6841195234759,150.57103589609883,146.68851708588872,135.6377667072612,128.22440497264293,118.53341889432792,113.03946762969707,109.5011617575518,102.8601605288062,95.34835050542512,92.43886759157839,90.40558810841378,88.73632744834174,87.86308914624276,87.46912983764902,88.31963167609956,87.95117515076186,89.169684513742,90.0,96.5786445872452,101.77740816626034,106.85071115480801,113.91361483426466,119.52755511482711,128.57480510821253,140.62155005863642,149.79115447261492,160.9569645193249,,,,,,,,,,,,,,,,,,,,,,,,,,,,,,,,,,,,,,,,,,,,,,,,,,,,,,,,,
164.86347424802725,165.0562439896598,163.26555838898776,158.44938203768803,157.1620087061815,152.45103221364786,145.92894228514365,135.03765329984546,126.85602625536015,121.74851120195285,114.52772048025807,110.76796649890206,103.38891407978073,97.92230194651496,95.44673366400455,91.37621046256662,87.89547265421069,86.15603259101711,85.23355621711256,83.57279430558641,82.72422193637819,84.38408259966388,86.52638592593806,87.0425501557029,90.57826097061296,94.76309597505727,98.91243496952275,108.72298807322778,112.6124809955698,119.77344657662451,124.90133880899741,128.844831656726,139.10125173009914,144.1298842530403,148.66550202211488,153.56856746947759,,,,,,,,,,,,,,,,,,,,,,,,,,,,,,,,,,,,,,,,,,,,,,,,,,,,,,
155.90257589712584,161.62904154401437,162.12399164537916,158.1228358911806,155.22092542229697,154.58379310348283,150.07614732241893,144.24658709549465,134.06815140785824,126.36442891334399,120.40790701083789,115.01578921530262,109.70728094802989,105.11347305957597,97.89576509429378,94.54569631524588,92.50462849136227,89.62720346460782,88.29165610248626,86.11776230585596,84.34066811243936,84.7416098355931,86.04482055084684,87.3867650693288,88.83741307450416,98.49654635071688,110.70712944966044,117.98712319907706,121.53687431712405,128.27894250057764,140.91890684174132,146.4783561065266,152.08884887210004,,,,,,,,,,,,,,,,,,,,,,,,,,,,,,,,,,,,,,,,,,,,,,,,,,,,,,,,,
155.61314693535846,162.0659906489309,162.66858042714568,163.52808103327627,161.4896498053721,157.46202381247392,156.72772582151347,156.18436940366328,148.15110442233927,143.06333012458677,132.436229788535,127.01288746626092,120.93873972888379,116.74197344936009,112.82818675550014,109.91053499182723,103.72208910155672,96.79257835645184,93.81828379786948,92.57926153081225,89.6388279503008,86.5583339688108,83.50850912198436,81.65395980073569,79.82107279660589,79.37600637253449,79.37039480492552,82.04550972532456,85.7099327012246,90.82888558694478,95.45195625067014,104.0049422283852,109.4341924931793,115.18632501888187,118.65840471013954,125.97666181481077,132.74113847783315,141.7423391803545,147.95254328087097,151.87336556685742,,,,,,,,,,,,,,,,,,,,,,,,,,,,,,,,,,,,,,,,,,,,,,,,,,
154.33914026682044,159.3361369820443,159.75674664640937,159.09972852446762,158.24441181505185,155.12004250457522,154.54757995498173,146.7278295708536,141.72055253049507,136.0113688019066,125.64652489506088,120.46184689659992,114.39472368398772,110.69222570989056,107.41182953130622,101.52933092611364,97.62089243075918,95.4655149747886,92.64379502024265,90.44414443311193,87.29512401426435,84.15455405549719,82.31546380317144,79.56819053132952,79.4951657715651,79.57512874630082,83.15722658736905,84.51019807137904,88.68972489600125,93.55192574326388,102.07764049125088,108.43076832754342,112.44249453935966,117.71363134082785,119.29136217098426,122.47119229084849,129.20720350496785,134.43829466743344,144.77640121489827,149.07302233171166,152.168919288196,,,,,,,,,,,,,,,,,,,,,,,,,,,,,,,,,,,,,,,,,,,,,,,,,
153.37260305915763,155.2384545787585,156.64674742837187,155.27579293643117,153.40657052929754,152.2663222456322,149.24639710190885,141.36143600875286,132.80924178616198,122.33605880300335,117.64315437699584,114.3887033226026,108.30894634964243,105.2307727921863,98.6086955863465,95.53043646911371,94.26789330029081,90.86122459981786,86.49222353368744,85.13779915273739,85.12047564249757,84.22397165714273,83.78511320360658,86.0155980139417,86.02958368023208,90.02348325043232,100.69152745349422,105.48995414618905,109.48988515169242,115.9586989112634,118.75597425550585,123.0438927538256,134.48636963142872,143.26037364158935,147.9698737982189,155.68538084530627,,,,,,,,,,,,,,,,,,,,,,,,,,,,,,,,,,,,,,,,,,,,,,,,,,,,,,
158.01893357588423,162.6156586540727,163.62645067294972,162.80752318615242,158.23843458199107,157.83365417791754,148.49674716201446,143.07329122711573,137.28930442746443,130.24292920378275,121.000630352691,116.6090848143699,111.07441925745414,108.28077286268403,101.4695303328669,98.07023217791809,93.9004937423819,90.90642178381381,88.72696997994329,88.69804732742112,87.33273027594156,88.62977142874722,90.42536887648345,93.07947651491017,95.95388231302569,100.78886158343313,106.38810819017243,113.53193450790474,117.83418401386987,125.51071279660785,131.5926536104809,143.3952223208964,148.21863856066457,151.69924423399362,,,,,,,,,,,,,,,,,,,,,,,,,,,,,,,,,,,,,,,,,,,,,,,,,,,,,,,,
156.7059519634886,160.39787920725954,161.64439564195922,164.77825434703402,165.47615158832744,163.10020399223143,158.93612503643232,154.0399311397325,149.08659861492632,144.43428745107312,140.36240802897407,128.65980825409008,120.71768375525018,113.4781023170792,108.83290763022065,102.49015090667838,98.37107805187998,93.21005439720514,89.54778840354783,88.74936631424312,85.67708638203484,84.25370920370958,82.00757634471952,78.50439854022264,77.55356066810435,76.62671150538058,77.93529692539919,79.81954912597189,81.61639527691564,89.07814084149949,95.5625620828775,100.41672413166496,108.39496573135709,112.59697315378304,117.37903188204947,119.86928896213513,124.26803238033234,129.6381492037146,132.9395015669749,136.2496242156086,141.99470594581095,145.28852837960665,148.14938916335566,154.5341884371381,,,,,,,,,,,,,,,,,,,,,,,,,,,,,,,,,,,,,,,,,,,,,,
160.32273342381308,165.5106500596892,168.45729865682927,168.04648996529468,165.05178018041607,164.15990774730489,158.5398026065855,151.58674192210557,141.6516783643446,135.46796379606988,130.3758486715709,121.67362488162412,117.87463906125501,111.32872285076297,107.63434708382832,100.71958261543132,94.1873536729042,90.81086862652201,86.1256867612494,83.99099404250548,81.71677150452403,80.70232038338186,79.65894592713731,80.180053272683,82.87667513928928,84.19544952010568,88.70502348383262,93.87565799396911,105.27726151092693,111.43533886024707,117.54123094248148,121.37300514010845,131.56636963754949,137.92124357346015,145.55936510600495,152.7329816038303,,,,,,,,,,,,,,,,,,,,,,,,,,,,,,,,,,,,,,,,,,,,,,,,,,,,,,
155.95543898787193,162.50391984986535,165.640788397542,163.48577384002877,159.41996899164621,155.68145477963083,150.49629470060216,145.78099828033564,138.8806922264326,131.93754553328364,120.85552582303366,116.27783995267379,110.07318674014739,105.88366116216092,102.43956201884656,98.19086137646339,96.10005996032166,92.69619423007968,91.36326704343958,89.11859600341786,87.31457529744213,86.86508629374374,88.65072374549256,90.4541467683311,90.44706845519164,94.85128094061322,105.92623617982976,110.5730515416434,113.20820067449618,118.02221922531943,122.8551093448014,128.37988837964392,139.83218899293755,145.40289422210427,151.85129244862847,,,,,,,,,,,,,,,,,,,,,,,,,,,,,,,,,,,,,,,,,,,,,,,,,,,,,,,
156.08832861258668,164.84144260538466,168.80161915823712,169.10635592778647,167.4504070399955,164.40886461662768,159.77133850866053,156.81387611161668,148.86026517456682,141.99470594581095,130.9300130514344,124.48728959173867,119.77224230510392,113.91030271968388,109.93842987577332,108.53148753445213,103.2745360635798,97.27669850595636,93.92380462029534,90.89175860397249,87.75839969693122,85.87659224902012,85.36614035133694,86.77306830020972,86.7845160082518,87.71964431411742,90.90222116153015,97.11849286270511,104.15745801906644,110.16733404477783,117.54845872206528,120.3793063977937,124.45671385734718,129.85723544211578,135.7036344139684,147.01200674375235,151.78396521487414,,,,,,,,,,,,,,,,,,,,,,,,,,,,,,,,,,,,,,,,,,,,,,,,,,,,,
154.82804465705746,161.3633206580858,164.210829719566,166.88990581386528,165.85931035968483,163.69878031072204,158.46491600647653,154.1520806831614,144.23319916893823,139.82458381932705,133.681250904035,121.26938404704187,115.63760669168511,111.59648180045535,107.80797968675536,102.29515208237866,98.59289444047741,95.07522924326041,91.7135934655186,92.20706149271518,90.89875271764785,88.63283558233545,85.52687127619261,83.70429557582585,82.30880426403105,83.16036273898833,84.10903553831366,85.88798428834333,86.41641691519918,90.35095462527669,97.60869908329347,106.77321647849948,113.29495333157197,116.58519501060161,119.77139639943746,129.46040631972107,134.57057698987168,139.60462489483606,144.01385482346654,152.6538038666731,,,,,,,,,,,,,,,,,,,,,,,,,,,,,,,,,,,,,,,,,,,,,,,,,,
156.46253187991093,163.8626591571346,166.836110689644,166.78554072968356,165.96618665335436,163.8761639430227,162.75705018133903,154.68726822249272,147.02925348893385,134.52783745587433,127.17786227144364,118.58879501631218,115.03415555690488,111.81269840520977,109.86149314711307,102.01360623399977,98.77864531496344,95.42059528376237,91.75042979536674,87.03235703367757,83.84584528683003,79.40624414049167,79.32520166230907,77.58486315190234,77.47119229084849,77.98588351898607,80.09581678702612,81.05054191579111,82.37580749554817,90.0,94.8128719058885,100.59841101331219,108.6930361742582,110.66642500303068,114.39579358734949,122.42824998709366,135.081117141905,142.0136317738578,148.74208631733217,154.47280231622338,,,,,,,,,,,,,,,,,,,,,,,,,,,,,,,,,,,,,,,,,,,,,,,,,,
157.47908437737402,161.06173964641067,162.55048705199232,160.43327747009917,157.65176064928627,155.51085928296317,151.6903610363079,146.40877500882368,141.5877668377143,129.34292929393166,123.0205829210166,117.99552250220181,111.49246687689957,105.44659167217772,101.52108791301615,96.31144323878254,93.82870328731708,93.0475923714325,91.31815882754562,86.91927469583878,85.088211827494,84.20078237090158,83.78323316852509,83.69653581192856,84.12814280371677,85.04377510774809,85.96515924355656,93.02079509652634,102.72477369836137,108.39427746896312,114.45300719968708,118.52462735203754,124.32576905944188,129.44866789741786,142.09224886085462,146.76432167247958,150.6943452058812,,,,,,,,,,,,,,,,,,,,,,,,,,,,,,,,,,,,,,,,,,,,,,,,,,,,,
156.6448290375864,162.0903381291515,162.49317849185996,158.39843546364122,156.07125641210413,155.33337403534696,148.89019633687099,144.20092680894294,132.44583994938301,124.89660921539843,119.36427656480846,112.7169443845274,108.57692730749318,105.93188334317611,97.12579892311197,93.27807541998207,92.50550227663031,89.098567363139,84.71366263803121,86.00426275215558,84.6248178692002,83.69187080223357,84.14028114947239,84.59058216927299,86.41372001768221,92.98351051877015,101.83708425164548,107.76127214661597,113.83531943751096,116.75904807911054,120.15650353020274,130.20189986837462,137.227679520318,142.4511372547645,150.24063910278147,,,,,,,,,,,,,,,,,,,,,,,,,,,,,,,,,,,,,,,,,,,,,,,,,,,,,,,
161.63981726710665,168.077202497559,171.5182568014067,174.8491461609724,173.9387526350421,173.86919389160929,170.7249400907968,170.31525912317235,159.56729121183233,150.20392774876095,142.15747914158322,136.46230583768417,128.9649078511882,123.09861248899034,116.4281565407363,111.3946425566802,108.40618040582544,104.07142146005735,98.161968746595,95.21717530347138,91.77604425335873,89.48000307723107,88.5482994177238,87.0993555176605,86.18492875202827,87.12673500260286,88.53597317007437,89.07595464722729,89.54528113830686,96.29570442417415,102.18422270319952,107.71658360025191,110.7990284088415,115.80055864545163,120.44084688716158,125.12081681877021,134.86587698643478,140.06819615294026,144.5025420993804,151.64008113968,,,,,,,,,,,,,,,,,,,,,,,,,,,,,,,,,,,,,,,,,,,,,,,,,,
156.6722896929083,167.55625489146877,169.72365180270285,173.03653147351196,173.88571941680726,173.40930758943566,172.51488464741004,171.54055228101402,169.38097320593798,162.82830165623332,155.0661871270195,148.02313698661706,141.24522195508604,137.18763750234444,126.24923334920737,120.17038505839979,117.04976663748151,114.51627277221598,108.95417338841892,102.74687953489196,98.94850715536005,93.51730903119453,90.49774372199614,86.89498494980174,87.70764526249255,85.76974038254315,82.47444580751399,78.75177883381131,77.26528591174127,75.65867373884643,75.21846660074114,75.20841416839575,75.65325341187202,76.11815695266402,77.01780722365966,81.27099827846735,85.1190981722259,92.63803639141622,97.87439768403087,106.2940474565989,109.44282156246389,111.8463609034217,116.81048614211497,126.39298624904532,133.43462929735006,144.1623470457217,150.28069018854276,,,,,,,,,,,,,,,,,,,,,,,,,,,,,,,,,,,,,,,,,,,
159.74396298951913,165.00765816223802,170.33841203087593,171.6489391622919,172.07813935582584,170.69174435091574,167.58574947879669,163.3735475909677,153.68191186034827,146.40195738206046,140.62202338279593,135.24175290926811,130.38646143171314,120.35924545022552,115.43442964351641,109.17068405144873,107.59529573952446,105.92746214830733,100.76293173794654,98.73547526761513,97.94807473971068,94.0535542318314,92.71069843168004,91.85985268481397,90.96744723909562,91.39489622627406,93.15838052162033,93.971921643407,96.16472264041191,101.16971070031435,109.04198513935383,112.37118817827948,118.17955150661244,121.94737857382975,131.32576310610236,137.32697890674538,146.61358096306387,150.67207549126732,,,,,,,,,,,,,,,,,,,,,,,,,,,,,,,,,,,,,,,,,,,,,,,,,,,,
155.57023599890928,168.32118006443926,171.78122171817435,174.31571810914673,175.57985963683387,175.61450905143195,174.12447261177905,172.32698852169491,171.42476736016476,168.913090318179,166.27574753522654,151.1557940412447,145.32561793330962,137.59008275328296,130.2811662019583,119.59071005096597,114.51696717751581,111.36286613461095,106.6940241374781,103.46705934794193,96.54288781486464,93.58285544818168,90.94481217718777,88.69804732742112,87.31949735736829,86.8538729281494,86.37317650816041,88.23760897633949,89.16916557441698,90.95047407324596,93.66738691010524,98.79741070999106,107.52186513015474,110.86845651951313,114.00602608868459,118.36384248237742,125.71403106016938,130.78919877048418,140.9963065683974,144.9305878724228,152.3067014011391,,,,,,,,,,,,,,,,,,,,,,,,,,,,,,,,,,,,,,,,,,,,,,,,,
157.1325952747672,162.7772696562417,169.17613640747885,171.5579072751864,171.86989764584402,171.42476736016476,170.98403928740373,169.59480639633495,166.57740909598917,161.23928504779508,152.7521495393336,143.83380223417626,139.09418885943114,130.15042356542412,123.59954039673522,119.14850678221,112.75339423601122,110.12178898156354,108.60796510484343,102.66864788736429,101.03052325701502,94.49903215068166,91.41329518629031,88.26693616507728,86.88947470776765,85.954038605313,85.53284093861072,85.07575928225454,86.48012867080497,87.41265606328008,91.10595875228854,98.39787435960801,103.40459299512607,109.23060199784152,111.69115475487322,113.195437760043,118.50280107560485,130.06129386236466,137.35508095461853,142.2017311734237,148.98861089996552,155.12420666301756,,,,,,,,,,,,,,,,,,,,,,,,,,,,,,,,,,,,,,,,,,,,,,,,
165.6007948549649,168.47809281265498,170.5467187558546,170.07343105151844,169.4944592227292,167.38501142301604,165.6306823490933,152.0528381903718,145.1767787854063,141.4512160578133,137.80951646357943,127.78222923245242,123.23443994640334,116.29045217506267,113.16912216556851,109.51011002852592,106.80599182343637,102.90780507120618,100.16001569521113,97.11097107530699,93.21331831628348,90.12498280475178,89.57516053321167,88.19034326247902,87.25314052698694,86.2998532803656,86.32595472912314,86.77698400622229,88.14205954068079,90.39581319670997,97.34336383443409,103.52738146810695,109.62656124895541,113.16499220290169,118.18880473852356,120.49767558498729,125.12165746231348,129.3376692423336,138.80819782744453,143.97153366372027,150.79590186429476,,,,,,,,,,,,,,,,,,,,,,,,,,,,,,,,,,,,,,,,,,,,,,,,,
154.64247516574895,164.04574547959967,167.01948313402173,169.49144671378428,170.35866402723374,168.84005613496726,169.28887677913175,169.7289056600692,166.2878150630285,165.50414664611796,160.51064667355615,149.65439859745052,145.03214699429807,142.277162340956,137.32982380527503,133.72470353297007,128.467646969404,126.28145499899485,123.62299755061805,122.47805981802561,120.82986727699827,120.09304158996086,118.74895512255343,118.18489803000773,116.95031958417418,114.80835075919381,111.92477026251433,107.1969223293703,102.3246447978611,99.75954701426289,98.2174120975939,93.74264296356218,90.06639137180701,86.33449806035816,83.56294793946881,82.12160730388752,79.76252261331699,78.92402028423193,78.9612145902115,79.03982516691669,80.86071989818286,80.85146782103885,83.6755774449489,90.471067705323,94.44124118943282,98.71154589442386,104.47958868079573,106.89089383871982,108.41510956488074,111.18085512759743,113.34611254354661,118.94346304177235,123.21848810260235,131.94853282216297,137.81636894288923,145.03517965474992,148.79405260570158,157.0198784243045,,,,,,,,,,,,,,,,,,,,,,,,,,,,,,,,
162.46650128291543,164.83624383383923,168.88128432606263,169.66300102085307,170.01817071226685,169.4919778597676,169.40847225202864,168.07365493032006,167.18972068561126,167.7238732525328,166.4027168781611,164.12011363428206,163.56502319706675,161.1468412355809,159.95511774459516,158.81016136127727,156.90025668027715,155.32298713539745,155.33019165687756,153.29741222789931,154.2014280679936,154.29082029818994,156.92794589616219,155.75261266035625,157.39558022663508,155.0803356301676,152.74467162505695,152.26445290874352,152.01710699502033,152.74791297183836,152.04659792699204,151.17348803474516,148.5548251147796,147.59211793699066,140.28901099636616,136.49362363026935,134.39843862631287,129.14449948292352,124.39384090281473,114.06130488945728,110.62057047849439,107.79586051333692,100.38307823757107,99.10875297595496,98.045421488606,90.06258951174172,86.68905848538856,85.18458057271143,83.65593267545499,81.34227538805953,80.93246988742833,78.86455325212214,75.51226249286808,72.77200236000004,68.93964253764327,65.85445803957835,59.595946810071844,55.42476410312112,53.14423898834063,53.2743336799208,52.63793242264892,53.09561106936097,53.44412124508801,53.9229519205094,54.127976327390996,53.91729595093666,54.182487514557806,54.25519726781636,53.99919248748306,56.456844407219066,60.693301699962,66.99112991717713,73.61748255998512,81.70525505443656,86.48668578673492,89.93956143643267,94.1849161251184,100.27316306846194,101.4340520087118,105.33546173700543,108.7398120822487,111.54220911701505,113.31770838675507,116.93894425041276,120.86629975662484,129.92855057595355,131.2970688805164,141.96910552163507,147.6386134286115,153.87380727645814
165.8733979728218,166.51101772418215,167.73047098463908,169.4736254961958,166.55298012233385,166.88509524430373,167.64894265911389,167.4288891786041,164.5993135327863,160.15963049021008,159.59435364444872,157.60083359966936,148.53062264881538,135.6666387011606,129.37496678510863,115.3054633358548,109.50903878649727,104.83759463730384,104.98723134409163,96.36991664212663,95.37398547649745,94.46464781416984,92.2617013257639,90.51155586658705,88.78112476486871,85.90666086183684,84.41275603579565,79.46003062010035,73.93299369042867,71.72967206913057,62.12192528100626,56.85686587550333,53.37862385229649,47.94678639826333,46.684684317896284,46.50068475379701,45.75629507916315,46.52192591029774,47.6504546115175,49.20818200201384,48.64894544282245,49.00045913715183,50.76828619300789,53.36921841363447,62.68728101077379,68.15604300580839,72.00315819979743,77.5282576763415,81.79329905576613,83.87674538133858,85.13653065235842,91.49867560602418,93.81525656579902,95.90469185962644,98.40908430314605,102.34865427376452,105.6818950149618,115.06939084375199,120.9876876055767,131.69344370387296,142.09975984783807,148.89358499179284,153.94227323660837,,,,,,,,,,,,,,,,,,,,,,,,,,,
157.76453988150877,159.24193095260193,163.71763792819445,164.2722780895747,165.17266135073584,166.0792267249001,164.3704044102194,162.42072845174695,157.98772706942847,154.57701956915156,144.13035360482843,131.71620135540218,127.99873244250468,122.46704027233964,113.79637985115923,112.16196935318482,113.6026788604956,113.7347255900822,110.9892009361004,99.14820618246239,99.61315693163105,100.03133881877041,99.52295263990572,97.33437880141672,94.03393705684066,91.53001705607652,88.3835437667388,81.35050572164407,76.81989547410147,64.23241639342223,57.00565759233222,51.440116901191104,49.11034690237376,47.30133124949255,46.47676897516653,47.11139416231529,47.23872100808767,48.442762598133775,49.241277772245205,49.24090918070016,52.13251546925247,59.731242237805645,66.6080127903008,72.69496999872865,79.05773054421508,80.73359244480703,88.39622669502135,90.90876791203686,94.6622703909885,96.14065246655447,101.0547191084116,103.79207653342327,106.66568742669399,108.78796825906272,116.00206827827593,121.4419046832419,131.58809196593543,139.0477819576911,144.15702156003505,148.25807951945518,148.22038246740834,155.97101611658852,,,,,,,,,,,,,,,,,,,,,,,,,,,,
158.0765549590774,160.9677006866606,163.73021199731392,162.1159233453577,160.14626078105917,160.25199830155265,160.27808362165914,157.78254208066693,154.38942466598954,153.25837950184908,141.62849414082655,128.78050055441247,121.5947418095586,114.33356693242634,109.36121531898876,104.98346480607368,103.1522244436644,109.00537487843228,100.00287290544286,94.29220774620465,93.74259786891507,93.99440716962395,94.76222379423032,94.83619919747541,90.44496134284537,87.22558362312968,85.9696316507287,80.28120779717436,73.07756749225013,67.02839477361184,64.13840872028467,56.82466614312831,54.30002750574077,52.199233638367645,49.54157941357843,50.00962112913748,51.46104656748065,52.06735569143632,52.80127604043774,55.034443643816424,63.072322148959486,68.18131479708225,79.26573803675622,82.10223140916275,85.47364816688821,88.61319286559707,97.6616859268175,101.6374788929651,102.41171637232137,109.16768377185957,112.60971871483444,115.57749753954865,125.34590917371199,142.42305957831766,149.2784662737524,144.27409423467606,155.17065341185042,,,,,,,,,,,,,,,,,,,,,,,,,,,,,,,,,
156.6559890384225,158.25680586030958,163.68508025546691,165.4633063101982,163.15374102574765,165.27927337652557,165.1128001013381,163.97020603157878,160.7162092907368,158.2936892887803,155.54866649721436,154.77140538129058,138.0264556779528,131.68105904390893,120.00084917597759,117.77155520177571,105.85348629035514,105.05308928819285,104.68000561999705,103.45458041042112,104.2335610292546,99.88229579945998,100.79438748403133,102.37474115021017,101.9101171320752,101.44186331209708,93.79349075775072,88.17352540213352,88.03785644898119,83.67868915143714,79.08887161571661,73.47678512122455,68.96585223192139,61.8640476606506,59.29421461761359,57.16746741807272,55.55356533716888,54.39768852823156,53.83581067998437,53.626978096517185,52.709033448824414,53.13512697744515,53.13512697744515,53.082468351401985,53.52499851195512,54.62368699512587,61.97243910552032,69.62007038821761,75.95057903011795,81.78304205874272,81.46641291078528,86.0364025313927,86.64101752196063,91.27681191968905,98.2364940235306,106.53434624411047,111.74063309056608,126.23393213230239,136.65824685031401,134.67071753615335,146.57231764005337,149.89535170033614,156.8712017207617,,,,,,,,,,,,,,,,,,,,,,,,,,,
161.6925970732447,161.5109890080534,162.34013926086976,162.6592816229379,163.04493226878648,164.20546151643518,164.04377559536707,160.08076834518656,159.65242682703817,153.5860539356023,141.19997378576895,134.48390841433215,130.39387174143747,122.13972617948833,119.16988174452177,113.66103958221271,106.15683556692028,104.71201449291738,100.65987760534237,99.60133580374385,97.66878296952049,93.58986545062042,92.25638389322582,94.51858379958986,90.38210772191367,89.12305434743516,85.72192103760379,84.7573828954581,78.63545152904713,76.40516366592503,72.63051508901593,63.25408039383661,59.57649962620242,55.432583479088755,55.276267570231795,55.677554406045175,56.56958350748532,55.513957698928344,58.487524076816484,59.3306545827108,63.241678112750606,74.54620258375851,77.4711922908485,85.18998226126091,86.14912351775824,93.25483470871183,99.1059926367355,100.09330748551069,100.85010462979737,105.95348420929868,110.847203504686,117.82273057820206,121.57118418824597,135.25819308007772,138.1053611826847,139.93633972272644,146.43165946240734,147.08870236082277,153.7227443741075,,,,,,,,,,,,,,,,,,,,,,,,,,,,,,,
158.13990087526258,157.7801624213551,161.27871101698616,161.0744285266253,161.38227452329696,162.65819603761108,163.06541663631128,160.56691036029804,158.4589599301524,154.99913855225208,146.75612829982222,132.65072135251987,127.45111177160628,122.38440686871068,118.859358535086,110.37867462050562,107.55103748928221,100.54536910041918,95.20330509349077,88.1605167521796,84.78421107680354,84.19300261548467,85.26187981293694,85.71854121947406,86.23963270484343,84.89187741635344,85.28094053211493,82.39204853792387,82.72347859874998,81.87123846255052,79.35759146660234,71.96694524583589,64.94635453607269,61.04209914679489,58.06605247818729,54.349792438008464,55.032628896055876,54.84477962790449,54.417386181808716,56.02345596374314,58.60126342685302,67.42086751938456,74.97146110514504,80.75448867338105,86.18592516570965,88.50745575554237,95.26756567560687,103.28298678433707,101.91561695144506,108.24275117798356,111.34397484208428,113.95545266154798,121.9650942325029,124.7253211101301,132.2785263381362,140.76131456029435,142.9681255112807,146.97325415123893,156.426545754375,,,,,,,,,,,,,,,,,,,,,,,,,,,,,,,
158.6349746613329,163.09476800784395,164.29493459825886,166.89557838334096,165.6112579531843,166.9904143893229,164.38697842400185,158.39991207441813,139.93507020746068,126.63411387596742,121.27372498031795,105.3408907640049,101.98479020159036,92.66748405330071,91.12008950626972,89.61709335069808,95.0067530576515,94.70480640812372,92.48812188699488,91.25717889513969,90.25820767015101,88.70058358482797,84.32909263950351,80.71783372119778,74.55542971691568,71.57303665152288,65.7813831559056,60.75623519193707,58.3439700328203,56.763571288596715,55.16952116326855,55.54984353236587,56.821160518413755,57.464199635341636,62.69431182761742,72.61870611918926,77.67833267680578,87.43386528073121,90.19716295030153,97.77990215620532,106.45183314930172,108.74495739367131,110.70648758505212,113.27640314482873,115.00446097001716,120.62437245220848,123.09514328570867,131.8300351703996,133.82327429019975,141.3349027420005,147.95169450345026,154.8932715868571,,,,,,,,,,,,,,,,,,,,,,,,,,,,,,,,,,,,,,
158.89607621329316,161.4630938764447,164.30632439020692,166.72260882322877,169.03941010147548,170.58460947800768,169.10343240055238,166.02706675991263,162.93958220557164,159.54168723983472,154.03156177553265,145.52578686042486,135.1511553958582,121.46835076303249,115.29915499470485,105.72815463498648,97.6463953351281,90.29565274674778,86.40359453131889,81.59231621281286,80.54533008504973,84.32886392393084,86.02180657713285,86.19009379893836,84.37921271160599,81.14533113194183,83.02194268634544,78.11111124902199,73.3342424831246,71.14944141315057,62.43186723344238,57.420469988237464,54.448443817587204,53.815439895696734,54.40023168258815,54.9354902405326,55.73889710090546,55.54333471790451,60.61279352311023,67.06258538196127,70.59054243397576,74.85690193133199,77.95920270160148,83.15095038527053,83.61826377653637,89.04787343397747,91.12705442939028,106.68455332270776,107.00347153205048,108.09006464948398,111.97971527851689,119.25466912901607,132.14993542462415,138.77915418578405,147.734064793008,151.98166784907247,,,,,,,,,,,,,,,,,,,,,,,,,,,,,,,,,,
156.60030528632868,158.6519148421373,161.88846794752627,165.51998651418967,164.12214952595681,165.1639760665383,162.0310542091039,158.3587752592842,153.87425869328695,141.86888164765585,132.204574709685,117.7365591402394,112.10944834375167,98.20094483810055,92.96347221427943,91.10478853718173,84.43094117480439,82.06487769005952,79.45544873710868,80.26114319601523,78.48207277216636,77.78443647339294,79.80121305954353,79.98874184532582,79.42704054033017,80.48213634663185,78.99768111931995,74.39768037883833,68.14089085589967,64.08964730967492,60.24274246834086,57.69432957603736,58.38646986630887,59.15067354694178,60.433562793393264,67.49804980545036,72.4042276322397,73.99244715070353,78.60990304322893,82.58517098112786,87.50229225603583,88.0210550840134,94.26600904589799,103.2664808465837,103.3924977537511,108.72334796197492,109.14673119647757,111.59597494624671,117.25384070955397,130.85738730747295,131.48233305904597,137.44284133159812,145.15734129205,154.52929829043916,,,,,,,,,,,,,,,,,,,,,,,,,,,,,,,,,,,,
155.82498135005986,165.01041801133323,167.38258150545917,167.89654515025958,168.75469032237996,168.66214900972764,164.12525421709768,161.697949238569,156.01908695847132,146.29060939993482,139.75741727146624,126.25117915136177,112.0002578093276,106.19756987176233,103.14606424049849,99.12083399725464,92.12109639666146,87.82244516107855,82.1044529319836,86.48682539702443,90.56064274440706,91.26900276347284,89.38849860498446,89.386650222441,87.57226551638979,85.72922000069039,84.7785291119524,80.28605198568147,77.63814326819006,68.96767954848875,63.533395082594254,64.01654627890468,61.18037385698698,58.71961590756543,61.01240723392443,61.79941739468891,72.22403130561898,78.13736303283055,79.74545709997105,84.07937928595318,87.4322281457602,91.41682304898598,96.48403811406739,101.75321513946706,105.21204843017914,107.15264421094298,112.33820620506218,120.90813192716938,125.12142310987136,126.31591255827436,135.75626705246836,143.41545873411766,152.1926164990247,,,,,,,,,,,,,,,,,,,,,,,,,,,,,,,,,,,,,
156.60721581793425,161.89196518530952,165.53700131768423,166.84932860499953,167.65549975706134,166.14950700852316,165.83357605852703,165.581173013433,165.70780020890277,160.6955361214495,145.4099792122063,132.40655710484657,127.80006548725456,112.47783476558372,107.39400570280833,99.32851385042278,95.38139104952485,87.36459951095856,85.55997558040306,83.6608222130599,80.80874829724878,84.26274371300256,87.9082208555209,86.93961498644828,87.6467031338917,85.95180530532281,84.04318535241627,79.728338911487,76.60160067981022,74.26570844002671,65.7469747079812,63.008608947999946,61.199889830802654,62.44198261239196,63.26564388497082,64.40176251254572,72.41914233091245,78.28769322767398,82.60492800081684,82.75591387926711,86.36056616319256,91.67477577591731,95.25435518001572,102.25036339193935,111.92451221469753,113.13217348832018,115.10420259544267,119.04515714458518,132.8809715826508,135.46653497750899,142.3393371138541,151.25330741937057,,,,,,,,,,,,,,,,,,,,,,,,,,,,,,,,,,,,,,
153.85579429411715,155.04008010448206,160.1072397179015,161.43519400781696,160.49418653855471,161.87247921446533,162.4155705751157,159.96861022102206,157.19960535004532,141.42430587121157,133.46565850029924,120.36919131160518,115.97676481022403,113.95084439273,102.08397537172682,99.49465616594361,90.4995630192331,88.9161389121461,87.19957185654593,86.53514942839543,88.99461510130938,90.36493633573065,90.58463052070518,90.71416628757768,88.77688216881522,88.76632451217678,85.23056538400037,77.44267185415953,74.2716525812859,73.35790864432022,64.70022490595353,60.79978411457102,59.63009862904028,56.74398310615962,54.783851815313376,55.911548518321965,56.81351804767253,58.14048318386531,59.362398541276875,65.47211050215304,73.15516477098286,80.76593553208191,83.16562801228002,90.69360156224326,94.79342506920698,98.81541126846672,102.452667183191,104.55523237142748,112.5913109144872,117.62269926632543,122.8363493409954,130.28747217543605,135.66107581158542,137.08707479890643,142.82849079703215,148.63850561384575,151.47926742539914,,,,,,,,,,,,,,,,,,,,,,,,,,,,,,,,,
155.36141896398468,161.06934231645812,163.4199164339513,165.0799945418693,164.09839400031825,164.7512263444814,166.5895947974991,165.5682993571086,160.04853997931156,154.64254970367256,145.60604582759564,136.02586384542926,119.35775354279127,114.91301730772027,111.23571822782124,100.77481138309032,97.11541316789003,97.57095504834083,94.39229499705483,89.14915079142419,89.52923170915041,86.6123510219918,86.41623260548215,88.71414482907198,88.60892372135302,86.76510805516003,86.04720077706469,81.89739183492891,76.42709214287136,74.20539195638389,66.8350828036227,62.0335775991667,59.24282551672089,56.46076271940227,56.60110456803958,56.6241033457383,57.970334894588184,63.93636516424271,69.70718746710216,72.47748939309827,80.84657094345603,82.01257848221786,81.51725008560942,84.48250997620305,94.1655722084211,101.55261626516497,106.11525352768062,115.10891739591233,121.2918940420913,124.65976047341871,128.91530613473125,132.65261993635784,145.8431781702042,153.91886316260783,,,,,,,,,,,,,,,,,,,,,,,,,,,,,,,,,,,,
158.84545754986974,159.90452186588087,162.30249257923361,165.17352002964432,168.26691584358778,168.21272125411534,166.56176803927795,165.06646383482558,163.38549737343706,158.30848971410543,153.95086183033428,142.7382998618188,130.14690361300762,123.66863251780916,114.84261777726309,104.2601429104949,95.41186915231702,95.98693993214215,88.4122506135451,86.50155543497782,89.67862795336875,89.78554193854595,87.58162011841274,89.55387947557799,90.62303783791205,88.65765930315033,85.87654647365804,81.41291955483956,77.77333138226969,74.08463782828616,66.60189477017258,62.22328981072512,58.69701842328309,58.24095553509423,57.83985665939506,58.777368218665536,68.11023575771682,72.1013478742945,75.22488364096183,83.1263315642308,84.24641272103705,88.56691452821795,91.08415327005866,98.2529085593986,101.47590240381155,103.57032561436297,109.25469335344297,116.92534762099908,123.62794708102572,127.2347350147068,134.9475640045421,139.45156122516136,155.9736154475733,,,,,,,,,,,,,,,,,,,,,,,,,,,,,,,,,,,,,
157.05369619846718,160.2337009407507,161.81353325725533,165.20012597994267,167.7469676915738,168.06978313339064,165.02394477063643,164.88677400966063,161.30953737314698,158.35287406036076,147.78763564827545,131.22817793192476,122.35864358561912,110.67964094643447,106.33391956869289,99.33289043688761,94.9362931081427,94.75676358353691,88.45059984336592,83.3903140579702,75.97811457700868,79.17179550433467,83.40675830163757,82.76307797403199,82.09412031604201,81.25916553299747,81.64253463485345,81.69864545961806,76.1712004552627,71.00471911951028,65.58018104851472,61.25011444511649,59.28619051722615,60.02034248584292,59.72647607999569,60.04346283305525,60.44688333674817,62.832295094408316,73.13197305880664,77.89545128341594,80.24254240621342,84.55618866294044,88.61408214918782,92.32172894670583,101.08468217821566,105.06367481444988,108.1995825420938,110.90827568073485,117.79537542740307,128.6611807067095,134.6473872194971,138.55029675828803,145.17775219888892,147.39746638453974,156.10363405266997,,,,,,,,,,,,,,,,,,,,,,,,,,,,,,,,,,,
159.84158171098773,159.20620134063046,160.58561061277405,161.98528733297334,163.37054270100788,163.58514104426828,164.07819960047695,164.85877615456442,163.42983643641702,159.74953819922163,150.6176296974175,143.17141220635725,127.94468594993441,121.25797074545996,118.73766544262901,115.48610483439876,105.1069493887381,100.19681587148463,98.17249685582448,91.27007420542857,89.38688479927082,86.84993329674903,89.5184277037539,89.08938082134148,89.28285365220388,90.56789111170721,90.0675126704587,87.88741317020505,84.62781693036476,80.25059211004805,71.13930789293217,66.63834361718472,58.38764570005056,53.75283804628659,55.864464697180885,55.35840833409547,55.607754834407,55.8459925540032,56.21432577930153,56.62670393613788,60.23888530513174,66.4929183045635,75.61638205696977,79.78373632146129,85.78894529115065,90.19478092684618,98.0596458062886,103.7057746244709,107.14388953945536,110.78467326175574,112.31350762071692,119.5474077033869,120.56333675863083,126.06940989958102,132.8238624885952,130.7089332857686,143.85293642026664,147.025426912558,149.89202197972998,156.7277674344429,,,,,,,,,,,,,,,,,,,,,,,,,,,,,,
159.81610513252377,162.87081506869242,160.5914540110643,161.51008681995546,162.50229851701866,164.5161698882156,165.10981763267287,164.73455500166781,158.29770315010705,155.42390034013312,148.6296953458956,132.76686844337803,126.24422757659678,109.6812343355301,104.98707515220617,101.15205306901764,94.26338709494748,90.1187811292377,82.88694210756381,78.70921878440022,77.94968121256214,76.26412972362522,77.19244673320023,75.42092461407664,76.78649243873214,78.49226930308716,79.90466417229382,81.80910469324304,79.57175855615189,71.34053908356536,67.87997250211458,61.61490201911861,57.80600879666417,57.86275101895821,57.47197043577117,60.19222257004936,66.92634557161877,71.06550304830478,77.89434397324051,83.8595216263673,84.28646605361759,88.27237337834889,90.73646760260601,98.72989970959297,100.57395153752616,106.02288611864657,106.52802736023497,103.87194915254767,104.06041393944821,108.21873936045965,114.76461573494633,123.1560048181009,126.84139228525406,142.40032017822787,148.17946988908577,156.10536592596716,,,,,,,,,,,,,,,,,,,,,,,,,,,,,,,,,,
157.52292833169147,160.84462600183178,162.78380208104412,163.2870151435421,163.50503271811857,166.34325767398244,165.12217636693262,160.25352019274087,158.19291489772544,151.5128004662442,138.17983011986425,126.32117283262863,110.44412088850953,106.6211515734627,99.37209270857909,96.64817914290143,90.66332025801182,87.75796868122761,87.75600167751013,86.51021027755189,89.92613931495099,94.10261436772412,90.55625222708068,90.7523532857916,86.91610799648109,86.12524475886158,83.46508278634654,74.93993000564657,69.97690023790167,61.92806204782493,55.73581923222366,54.63753811293095,52.37951177105803,52.26964239246324,51.33865813296828,52.5896106404888,53.21221595178141,58.85745260954023,64.64076262013803,73.09857771973881,76.84757743472385,80.42796508690975,83.8298249049704,87.71840151424342,90.29441840337914,100.03702381684303,104.26413714506907,114.15437436046162,115.25115815258008,119.63277783587901,140.7239018350142,145.54659937803413,156.13870005898187,,,,,,,,,,,,,,,,,,,,,,,,,,,,,,,,,,,,,
159.3131427257118,159.4580503330053,159.90134514473337,157.12339591784362,159.22464724401357,154.32199892911646,148.65115736011836,146.89570361328293,124.88658925533583,118.49622462244699,110.25093094290835,107.91453523004789,106.66120125414314,103.49827411871016,97.668836497587,98.76644749955348,93.3102393539971,94.42529889196405,90.91845397118888,92.12109639666146,90.07899592335332,90.25092881691465,94.67539915793964,82.86017389360102,71.30749686253051,63.93684567524198,58.542303880734366,55.5276589988379,54.19420532747478,55.011586106925925,54.68126260197042,56.80374053514874,63.39029117061439,69.23148126827466,77.35608814935075,83.41532671450148,90.11588936362962,90.22641725126081,92.22509709232739,95.54446819317064,102.09073452099712,104.2544114063244,107.12079188034367,109.73572470765887,115.44524829100382,118.33913203589589,120.25665363214661,131.76426909742568,137.30050214076877,149.0945894554091,150.43762291094868,,,,,,,,,,,,,,,,,,,,,,,,,,,,,,,,,,,,,,,
157.33697439759007,158.65489369474284,162.1904502507593,165.02523440606444,167.51065306452762,167.6259385449748,168.91068092519816,164.94573125021284,157.88891133907904,153.60729596261208,138.64234131766457,128.3407927338632,121.38840705099146,117.87977071811483,105.31104602056514,102.9314373779623,98.58926815459859,100.66284087134858,97.51123667824626,93.01347432276249,92.1851383129384,89.8935683338492,90.38920961139978,82.8343663574056,80.46589712635418,79.42960261226942,77.71984760749176,72.61588354706366,65.63413281277815,55.42966005043635,50.76186498304902,49.304313711374355,49.61834166082747,53.90297040900901,62.48406883698552,72.48209148980276,77.6663919011075,76.96307977549215,75.39966169920993,80.72702041438502,83.50688593955971,90.07294175500913,91.298889602088,100.9513482756382,107.47026634797686,109.45261641907246,115.18324999384839,121.30040682820238,122.63199239698632,127.34261176359657,137.95141603043177,149.03897006392606,154.20092034420472,,,,,,,,,,,,,,,,,,,,,,,,,,,,,,,,,,,,,
161.67069785423791,166.27331260788853,169.09818251975875,170.51836973637774,168.41993383914644,166.09566224969046,166.794578932778,158.5751570551307,153.65986461898066,147.04055105769442,139.8789341350523,127.8811325864162,117.35845074607208,107.91349992551874,102.53159372356731,95.25574057990538,92.04474084041719,89.43527995113776,82.36035727114256,76.93824560340501,75.1833103710954,76.14085297299273,76.55314082956777,76.07942880749722,73.84654494620345,72.26511750512512,72.50012396969599,69.45225418639492,65.16944431986039,62.50421259418202,61.3438057804263,60.83443953356965,61.02766869273579,62.484529942527296,65.01625438758488,69.61402352441311,73.79906991113276,73.47247480035564,75.92250051322084,80.47076955514842,86.01559695332685,89.35882699511285,94.72385712449699,96.38257264409155,100.91167907291846,100.93674085709706,100.41374931746475,109.32038103638422,113.00797104626709,116.70743472345136,128.2010504001009,135.82101836753588,141.55245692398407,147.14502204488295,152.39496428785688,,,,,,,,,,,,,,,,,,,,,,,,,,,,,,,,,,,
157.91177697003482,163.98380606169283,167.00827160974026,167.7093744468328,167.6290315045504,164.96417250620576,157.95894828318103,150.76132231355018,141.06268128960366,123.81789174499444,116.56505117707799,109.01557222423062,97.28158696893111,96.10827181882088,87.4878867586297,85.62280257333306,85.57631983765718,83.61688529227096,83.03488229808632,86.80981099176772,83.81568240226433,82.97901581914033,78.10267347798624,76.95138837364219,72.76715408986739,65.39311927148518,58.980263241955356,54.80037854262736,53.35906171234573,54.90116735992148,55.588287124716175,56.1670868762124,67.17969068202464,73.67514066436665,77.02886676407044,83.02512244292654,81.60066686616842,86.95799364841317,89.5553084107861,101.00231888068005,100.56721902171094,108.69898280418111,108.44933977537143,108.40278111131016,111.74625932830165,122.8177398584819,128.81359009634122,139.205164242175,142.87196190788498,154.47982439487535,,,,,,,,,,,,,,,,,,,,,,,,,,,,,,,,,,,,,,,,
155.03622265003062,157.68641762447098,160.73547926394787,165.12271825766584,165.6793425532051,166.82887862508227,165.83672378635157,164.18982652387228,159.60101005512936,148.92386598082408,136.58256076248105,125.21929598406693,106.82097630246739,100.13162329610851,91.1528099824999,89.73433368360328,81.86338569295532,79.29376388501855,79.2012595223789,77.18433919200154,74.45581709959845,72.17795571744915,72.53779532017305,79.78276532551176,79.72193784852018,78.27574388665305,71.89743775726755,67.04452824693648,61.32221277452697,60.0463091491756,61.93447798726761,56.153742639616446,57.579414213949214,57.05697653166454,58.17173204911523,67.12273989285693,74.4437595712399,78.86799574264072,80.77607771789468,82.96010376948256,91.86937734999361,94.46912638060563,101.36106079892012,105.21854012402726,107.97536686539205,114.38110094940168,118.18386513867027,119.96665184193631,131.45778019237116,138.69661607697796,140.78484868269402,144.46028777350202,144.31932139135952,150.81542296657295,,,,,,,,,,,,,,,,,,,,,,,,,,,,,,,,,,,,
152.96857101180507,156.7055317944038,159.016005687944,162.0660173236394,165.3153027513317,165.17591542716616,163.43365641451575,158.68747366244529,155.36050855442193,138.7652397474474,127.91185747171569,108.4114893812769,101.03635549199358,94.00303941231755,92.39618671537531,81.42732885369907,77.4868253327022,76.77207544559708,72.9558335671954,74.29783407647047,76.74822495388547,74.70769694683256,77.69219835558845,78.23116978259628,78.14722807588055,75.46554491945989,68.56808730184225,59.49159846259233,54.45672298011823,51.62269170646278,53.681337584123305,55.85130875002425,65.94307184248468,74.38795710448309,80.00530078695456,85.9449705339326,85.8984470153842,92.45610530203156,94.4065638573238,103.10386581479587,105.12384493177184,107.20819422197825,107.30611402626138,125.45389761657826,132.1649993474075,139.2301507080294,138.92386141501817,151.8028926514301,,,,,,,,,,,,,,,,,,,,,,,,,,,,,,,,,,,,,,,,,,
156.86683160237646,160.9426380127987,163.68334815128048,165.96375653207352,167.44092510955772,168.44400795282792,168.21099219557414,162.74395280589272,158.18457308352765,148.64174656238836,136.02173695313056,117.16519858474228,111.37062226934319,98.80582789510946,95.19074446940006,85.9043827484135,81.29435547898021,79.04521139517664,80.62206316295214,76.60535774821174,77.66091272167381,75.54423426311547,75.13737310210024,76.52059002910967,79.85697652594789,75.97106373513466,76.13140781279174,74.11793095448908,62.845961862807904,60.121498846357234,58.658099253335024,62.26264679993192,62.93810701272806,63.447236144096095,66.88219181060823,72.86167465693215,80.0365152860663,84.82779863915579,91.53277818759514,89.47110661457135,97.10653185244242,98.28199537222244,105.23519270740883,106.48109518619009,108.29970702676759,109.10417473510343,124.39409263113288,132.84785061213265,142.25408836503803,144.60814077736467,154.56289907054278,,,,,,,,,,,,,,,,,,,,,,,,,,,,,,,,,,,,,,,
157.10970872963978,162.1210784881472,165.25643716352928,167.40601716667572,168.52317712961354,169.66517405572117,166.71087138764057,163.74060716143939,159.2271917011573,149.7907085411778,140.0893365976695,118.32347015190201,111.31630807063742,106.02531405718625,95.37332075298893,87.8524145717015,81.7440227131037,83.08434610361311,84.14777492012338,85.63484164528154,87.14171837438155,85.41077414650805,85.33297841922602,83.12524714063993,78.2451740011332,77.70727757108673,77.83221594668971,74.00787123899968,63.01717450133194,56.16958875256483,54.11935860998198,52.14734517844681,54.10727739627522,54.63885220617429,56.629968090335616,67.52513547728437,77.20124950838827,79.33225665087839,87.24344312846348,87.79269001427171,91.13336328309097,96.05612972275796,102.15758655131894,106.70197768084586,115.32761853627902,117.5501615609242,123.42616292057623,130.35860679089492,136.6696910924188,142.8683402526446,147.11769427705187,152.89827964717014,,,,,,,,,,,,,,,,,,,,,,,,,,,,,,,,,,,,,,
162.22153658760342,164.8929320772866,167.27626914586637,169.76871829613486,171.87791487260353,174.2871258705946,170.85085462347817,169.3984053908943,167.32102593055123,163.859556221743,161.58858247798324,149.25739683034172,141.4211564422351,128.12077433532255,120.58728693167279,104.89638656649218,100.68282555401335,92.88836765035983,88.13560507770754,87.89277047452906,82.42012800898067,82.71833119246493,78.70514587990932,81.53794078543785,79.27997147465406,77.44361973305728,77.99275784478435,78.88057648147424,77.58493332645273,75.36427100016034,65.93279206432405,61.85110394107035,57.90309642188921,56.67020485271561,58.16773635811,58.86044419997381,62.252629811933105,67.648542294861,67.58312401425613,69.51788477746847,73.88472108569417,75.67704109625033,82.74511814067827,82.88999433441029,96.87059663585123,101.48218556571476,107.95093105837343,114.34435335182329,122.24997416418361,132.0233644304321,138.386704570166,148.38638515349788,152.2809649135573,,,,,,,,,,,,,,,,,,,,,,,,,,,,,,,,,,,,,
156.7984951043109,159.87191796511112,164.93776251645448,167.63571669009082,169.7720491335167,170.7346569865733,171.5331889734288,169.77226758899613,164.37755217575534,161.53539497915025,155.28038266618015,148.07391885825035,129.4856420062395,124.93561489481351,110.2480475871465,104.79248564275046,93.2639779530087,90.29695375749249,84.83353316010141,82.74853412230712,81.69493785104758,78.43511475227477,78.53668835172576,75.72629758578861,76.61289276081698,75.3311511486303,74.55965931221235,74.09581419471338,67.7881693135538,63.77138943840427,58.880563385770735,59.18810621589853,60.88766821399699,61.93301704021716,65.16949253252581,69.14231139012747,77.13397395698088,80.96032738470005,83.67070720383748,87.80597498655493,94.57435609957143,98.20207450724352,106.01491984436822,108.56854128134724,115.64141728116743,122.74006222051278,131.47637282634375,150.1826775863086,,,,,,,,,,,,,,,,,,,,,,,,,,,,,,,,,,,,,,,,,,
151.32319750079338,156.71349562137783,161.54886592905848,162.23665714612986,166.0574152627313,168.77714742713405,168.38020071556764,169.3756566907548,168.90988776355167,170.78614015260504,165.51991220626783,145.52755926707835,126.02191237942876,117.46703080704395,109.6880967502186,109.97182217941781,107.73397507687518,108.19319591365392,106.81983695761608,104.0725133970247,101.0324511291431,102.69461265039475,102.11059776765441,96.3763600571479,93.1945126390779,88.83318756416563,83.40187509158017,72.77977733205536,56.88903823471303,54.89442526867163,53.7461622625552,53.96908983838774,56.408365203447005,66.95302793978053,76.16738454043231,82.1112868024091,92.90166095758075,94.31547784398506,95.19234555110839,103.34738889585184,107.34056122783527,110.35583761693613,110.36979757150479,116.38897774467526,124.12210977392077,130.0598354673146,133.25049094179644,139.1052979232086,140.4733355145907,144.9719679776494,147.60184667464557,156.23856896810778,,,,,,,,,,,,,,,,,,,,,,,,,,,,,,,,,,,,,,
159.3859455064104,160.86922267069144,163.42316138172413,164.96218409641776,166.35168782824704,165.2970928145957,163.49913255094322,157.64846059077252,142.56209826935418,130.82540165490568,123.09233950186669,107.0175097267183,101.55627876318991,96.20084273932011,94.65647362469143,86.63353933657021,81.26033784736741,81.95341520388824,81.39115122396818,81.54774041317306,82.03142417785257,84.48221938144589,80.30670976258595,80.63674041948038,80.37464081759305,81.57303097851934,77.55219801145851,74.36133744092342,66.79137394393994,58.583037112343824,57.52880770915151,59.183287608064184,59.248163996139006,62.07243123249342,68.55259116062444,74.08558036899828,78.86777420715815,84.80195946363874,87.39630138234081,91.79285746724226,99.62452196569285,109.21348997337702,109.66735821346454,110.67383106623856,124.8280710781585,127.18470645323312,130.91047557948468,139.50950057700317,148.29672813247925,148.04266355592728,149.48687513838556,157.97971675824866,,,,,,,,,,,,,,,,,,,,,,,,,,,,,,,,,,,,,,
159.8100518323499,165.8432755849481,164.37578452110583,160.79125984556788,156.16014278761367,150.6623410727048,132.19290668183731,121.99236489206264,105.80092653557233,87.62003233212425,85.44761165613517,82.14337958721939,77.41861302928723,75.9321571262523,72.00706168580808,71.3265675134128,73.02897312409162,69.01875563424302,72.32487784563897,75.40456460961096,76.99172021096248,78.33417073825791,75.06858282186246,70.8092042537845,66.78008672721012,62.496669831680244,57.88648252920394,56.19511142629998,56.94370639266353,61.96122141708285,72.3814540670727,73.71298197867144,74.90842732140514,81.70758708990734,86.8932445342539,90.10899627849766,92.59517959443875,95.91009191674914,107.35402463626133,111.42896704429131,115.92310852107344,115.20574539100939,118.77039643584239,134.7031333326753,137.77916686407207,139.57792058268387,142.96278805572862,151.50595386013123,,,,,,,,,,,,,,,,,,,,,,,,,,,,,,,,,,,,,,,,,,
153.46480822778994,156.60143811669818,158.58462115271593,159.8231274454381,161.2897094196316,162.54556781011897,161.08891992543613,157.46955155468055,155.80476657440434,147.8152705599835,138.58095608325078,128.84642572517825,113.95689769571233,99.82841115215916,96.70144945864045,93.43891235191956,84.37495377857739,82.24148802840676,83.22920343191262,83.42032885654903,78.25641445672518,81.88853850176795,82.76490084203647,80.7118490802799,80.93537464081531,82.88150713729489,78.5967934372007,72.68049584069135,66.59815851347331,67.25262309052293,63.2211595930449,62.00309399771054,65.71271703162876,66.00968403415996,75.66814303195832,78.81462337218704,79.14878025050157,85.58457571361056,90.29468546664381,93.54926469448925,97.08259630406546,106.17059363867291,110.28506959899448,115.02966590855709,119.52609326051828,136.36171321752053,136.17131184447686,136.49238974707418,140.0579131319665,146.08026350027447,150.69169844341863,,,,,,,,,,,,,,,,,,,,,,,,,,,,,,,,,,,,,,,
150.6361788724773,155.58631240087422,156.9201039620653,158.82773099910398,160.0220485590824,161.9927039686975,163.11930746556303,165.6143303607035,165.10350773329935,163.80250068130923,161.36578706599528,148.66341905025962,139.5203575335773,120.616436625808,112.02591527114514,106.52424412150974,92.56535147073106,90.95025752484851,83.7072862493304,73.53714212002568,73.05753159552553,72.90820408800555,70.52117607406853,67.08253697229605,67.98157169819041,65.7596131187782,68.57714907888955,75.4908497260881,69.91829356266467,65.47883618562835,61.879040716790044,58.065735478699544,55.644501067829005,56.60347362492565,53.89127085971144,57.2066856851979,68.12305044086587,72.99166267456883,76.13542700442267,81.61938677707234,81.28239742579116,87.95617385815632,96.3414487009042,99.4404738429795,101.92459053322453,111.22465410332137,120.17511399215698,124.95283715340564,130.00793151218727,133.55085564631776,145.80587703670219,155.4216948814431,,,,,,,,,,,,,,,,,,,,,,,,,,,,,,,,,,,,,,
156.84544758498782,161.85484680254285,162.8410134774259,164.38890573009937,163.57097028218675,167.52386682721223,165.52157076162257,163.16227795643076,157.6865266742303,139.28013514032892,128.55363017498476,113.0000050815052,110.14841414028784,106.48748664483965,104.4859465459306,97.1250163489018,96.87296033375681,90.14055358404384,89.92317366413897,84.31663783198758,86.96478948458513,85.84103250200248,88.41693480483944,85.75843843570347,71.92691444678606,57.88215270082166,52.375933952600526,51.55174201220135,51.8168354754035,52.61721588743298,52.7873111821616,53.003885545253496,53.13010235415597,58.574787671595615,67.71976183317865,77.52489028779104,86.56798084218468,88.13952890546373,89.71374947321604,92.42669619374905,104.03357544559951,106.14425144221833,113.45249362463613,115.17096003704137,127.8674417557208,137.16508780419383,143.14957084797453,149.03624346792648,149.70457978020738,159.55809148691512,,,,,,,,,,,,,,,,,,,,,,,,,,,,,,,,,,,,,,,,
162.92704563262544,164.69837254581805,166.7216114646214,166.39776401710398,166.34826693397716,166.92203908631805,159.2951994325483,156.23739217656825,152.88467575038823,138.44508646324024,118.32590976364975,111.83530795001845,100.89846859401447,100.78283597948308,92.7810260301274,91.610300602499,92.17151339251478,88.15460078394867,90.22527259120709,85.18831020219992,86.45251061980339,83.39869648323865,81.38669612835812,80.20588033988385,70.79649725663538,61.81580511183582,58.530160435609154,55.99916030347398,56.629968090335616,57.46193098496119,58.755135569047376,60.21772841381212,66.8504393873872,75.44720452148859,79.80475014320633,83.26003175839891,86.82931493149935,92.13019144598128,93.22236595430152,96.74155946611904,98.95064865764151,104.07696540812948,109.91704694803438,110.86137070894569,120.85454583867937,126.79233803394591,135.11265745831702,142.53432190846326,152.75568732039739,,,,,,,,,,,,,,,,,,,,,,,,,,,,,,,,,,,,,,,,,
159.04707013887915,162.31046892883248,166.9732487305145,169.3704492531963,169.80047845365243,169.20429260811704,168.71646589550602,163.3490147886796,160.96270893597918,148.79293132935823,127.82654389533977,120.15148223290107,113.75026360502729,102.09105304756947,93.88900061806555,90.43342944252002,88.7605684063385,87.27283964704621,84.38045903831637,84.00542713736061,79.81500272272487,81.74007359420024,81.25508969373244,80.22171162268599,80.2597769860905,70.89293302196884,65.99195487887708,59.83315274497327,57.147169125428476,59.18909007813432,60.58158684804924,61.619359951213674,61.242079824797884,62.19596585106091,68.94395803394829,72.48781371193239,75.06610594306869,82.61181195024908,84.62634549791541,93.26558791639545,99.60687132932252,104.65675111576043,107.12706287365528,117.11620453158075,121.55047394837355,127.25702539999499,130.89591644379948,145.86587356089018,150.49497424649203,,,,,,,,,,,,,,,,,,,,,,,,,,,,,,,,,,,,,,,,,
157.04976495840995,157.0823344753789,159.86780884282683,163.4667920852354,164.4831162586845,164.68140549518765,165.20623643497933,161.71331745978026,157.58695945643657,154.93878029635187,142.16587335129753,130.8651933560349,113.88708780882506,108.25897374675436,96.10694425289911,92.13658730738942,87.97625616076584,78.23892897919251,77.60664305391008,77.66091272167381,74.97868418829088,68.75153206252105,66.53533480793583,70.39683510311986,73.2937520341691,69.2106913716903,68.3901984592107,65.27391402492961,66.28260538097487,62.420761420236246,62.377951046137106,63.58196356318076,61.8907327256563,63.20788615622323,65.027077660938,68.11236668180375,72.36077472981727,77.51172093436529,76.2419710499573,83.08477102052751,90.15361742568726,97.11334591508168,101.86618470110089,104.44532020082602,105.44624486027949,108.04279815788794,121.80799406923626,136.37002234098483,144.0547927455085,151.49159502887943,,,,,,,,,,,,,,,,,,,,,,,,,,,,,,,,,,,,,,,,
157.5268524006676,160.93690565142094,164.83553910026157,166.86461960540302,168.3065932176643,167.18790176166132,163.65647179917667,160.5366953073258,149.63572899983967,130.49892373526635,122.6097716761522,115.95329197491856,103.08122923626377,95.81675357606757,88.03810279098683,85.09554427940088,86.04615293216315,85.03479435117364,84.94209618387508,86.94991353474921,82.7331495240976,83.68767351218392,78.70794117760647,77.0653548093921,72.47307850762839,65.52534372131097,56.727006946632486,55.09093406401174,54.46232220802561,55.47528457638691,56.559236100492186,57.03364828394822,66.83832431652243,73.26911418445717,75.52941149869932,76.34865000857232,78.30304937874706,80.69557117122697,87.54011863387402,98.61938731754422,106.55877508599933,116.63220656184457,118.92865940224266,136.2362738991553,140.25208179552092,149.7366610558053,155.31249195107821,,,,,,,,,,,,,,,,,,,,,,,,,,,,,,,,,,,,,,,,,,,
157.64610350587353,164.09813080170983,165.17624141222282,166.66775836545852,167.30439357106152,169.7218524013952,170.13716334045924,166.62600977123483,161.16772860369832,156.2835422722855,149.8021866357832,135.39880408973684,128.754921599721,113.59695850988875,107.04082304095425,104.78452740016257,97.55297709953103,97.46031876603853,93.15744128885507,86.89018164933134,85.9780098229799,86.75874491514405,85.71832716911095,82.96630442992162,83.13881893908192,82.1071628333476,77.50137797064177,77.24476618447001,72.85429270107254,66.6700977693189,68.28962431902815,65.90461279267633,67.81332210655201,69.75073861991844,70.5308103139558,72.13809798959338,72.39422234978487,74.46166005009916,77.90583840179136,80.56869306838193,91.3453354024717,94.92160568157696,98.88055479669737,103.88619150339146,107.27683372169217,112.77112962352987,129.49178609567173,135.73520233337084,140.54708168552094,150.61335539093116,,,,,,,,,,,,,,,,,,,,,,,,,,,,,,,,,,,,,,,,
154.57656144709452,154.13777675258245,162.87496303864233,165.571321731674,167.82854179141253,165.57922687248902,159.63621464071701,157.10839702372428,151.31212602576952,139.78384487824624,130.49254747093428,118.40741575593196,110.00947855183877,104.66316314761113,98.08756651971869,93.99912973207142,85.58568757649051,84.64158388278844,84.04863728590134,84.55734428789293,86.09674261785983,85.38658616683603,82.87269575510001,82.98434729187781,79.05714540232049,80.14892001732177,73.84952858624574,68.50027266866769,68.84348891131246,70.13167572660309,73.14817788277382,73.54749526119302,75.85785419861396,78.34546452619028,75.84461701609976,76.21069458417176,80.98039423893024,79.63158155163828,87.36038284491912,90.79230047143093,96.06199190896665,97.87919439328745,101.5079163872652,105.81900718063198,114.23314726764006,128.44240188893406,142.76762211322463,149.1605209904514,156.84710417790814,,,,,,,,,,,,,,,,,,,,,,,,,,,,,,,,,,,,,,,,,
156.222177505393,163.65559321856605,159.21636963443984,146.37319668834135,137.37033381190872,116.43060688840671,103.95491375363267,93.6609206366616,90.08204038160883,86.98182546144137,83.2468431994912,79.72293404923896,80.02397545431569,79.5405947356643,80.57909974761579,77.24285140405978,73.55610488551136,70.63367627866609,70.95694324814284,72.68719793094911,72.02158159117704,70.85007555591152,70.82280202432456,71.84746586431712,72.77558541228213,70.19633302847011,70.92452879511052,75.30268072048808,76.91949737530982,74.52216290526434,78.56670359804428,89.84103864746149,95.35401699663058,105.43046866673224,108.02726346656728,110.98970935657795,128.54559467187198,133.8989907749145,141.80652132464735,146.0435076173045,151.64292997653968,,,,,,,,,,,,,,,,,,,,,,,,,,,,,,,,,,,,,,,,,,,,,,,,,
156.63632702246525,161.47877423001702,165.76109358658988,166.0419501244711,164.01580460258057,160.49682368891297,152.69088962003332,139.9756650176921,130.7469615672081,118.94613933729228,111.64489010623448,103.17698923600952,94.78777731426099,89.5494701670697,84.28831361936452,82.4381468870383,80.91558938196134,83.56526084896328,83.5717885728325,78.9477438686198,79.18655498569198,78.03325196655338,79.71700903976969,79.54730951655323,78.07247524879988,70.51123428038963,68.96709548522215,67.35860370451047,67.79790531083455,70.41035111790511,71.13822413282452,70.81820110827675,73.050532916655,74.63838368815135,81.06456635586977,79.93789708165471,83.90406557920299,84.84723523344019,92.09141276266756,97.3278021509046,103.17052754893722,106.20755525884131,110.97181817960634,120.18163379774484,138.7291571089977,142.37986851960966,147.33723196897006,153.02052670336155,,,,,,,,,,,,,,,,,,,,,,,,,,,,,,,,,,,,,,,,,,
157.4986112188178,161.16128768605566,162.83668617188602,163.02691799263113,163.9816013398402,162.10115905622865,159.29331154676174,156.61916456359407,151.07964362658902,140.61716334603761,134.75391319784958,119.04038370379988,111.50917072415118,99.48012906173552,97.35015896397368,93.3554504113735,86.82305733563466,82.32920230522396,81.83465811219519,78.13082369355973,78.91861975716438,78.37139691613363,79.45901441814105,80.11234052540152,80.68682048205335,76.78049682086278,74.17901018153793,70.66214211123508,65.04240558529298,63.21570583873512,65.49143404341056,66.04976530909917,67.51235076169245,67.57679375009346,68.68575787808264,72.29110150115062,74.17745955980799,75.57685507483421,75.75706891092469,78.00594084759742,82.7742127523753,91.19962477796125,98.10204707693009,102.2221362365189,105.92480072585262,107.82419816729848,111.8353823442523,118.15182703324204,134.67827513254363,138.03661283463921,143.64099128715492,150.96723369774577,,,,,,,,,,,,,,,,,,,,,,,,,,,,,,,,,,,,,,
156.97026478560875,159.27943038117422,162.00832203290173,167.21624120845726,167.056976181649,166.8374858691736,159.3120445216962,156.85863312471395,147.86647608276067,135.02326259698125,128.5693138051597,111.84665787142718,106.25709621333276,102.343612775114,93.24950676437898,83.65011266831625,80.16542766234151,79.26649865163002,79.54009090707088,73.1550595456371,75.03179044077578,75.9847366604494,77.88375185777709,76.62182102016061,72.48189347158406,64.10448505090964,56.97017452917941,53.83734271387277,53.05368292280455,50.506921816164336,49.6144990006472,47.60693248737386,47.52622201699777,47.14376086522341,47.46456182026849,52.43542530433156,62.93094348544334,67.8439300652688,73.59901685708479,83.93219376290969,86.19229242461694,88.5914884273559,90.15960731813031,101.58774782436801,102.94739176283076,108.87533124022546,112.92827277574506,119.838757421862,135.65253362278193,138.5484347941207,151.80586948913185,,,,,,,,,,,,,,,,,,,,,,,,,,,,,,,,,,,,,,,
153.67375266122642,154.46281881232773,158.44906031590818,160.9507644584451,161.9913957142738,163.0524236329829,162.73392001902127,163.80521451762354,157.6693037115766,155.9450985579557,142.05180915624484,127.47798539099969,109.02712815911876,104.43436608077731,89.49574133066643,86.62386376687971,79.23182617913704,78.46506508347662,75.85403667478471,75.48600870011381,71.97224261593131,70.75392856143438,71.89477092538537,75.4483622758523,73.90326399448529,78.2666090093038,74.81968968831859,72.27129324528558,67.43037980334157,63.37500878655276,63.61196920563956,63.442494028907085,64.56664846715508,64.72880447077284,66.26412466055228,69.8031537368926,79.0217623236597,79.1035139643215,78.06751138354318,84.23592856543287,86.8680710327445,94.09038611505,99.01795554492745,103.60219283578706,107.40768898904514,109.07198169573353,111.72617270130522,128.30071684464042,137.19623561044276,141.00211385401676,147.1331608809169,156.09430739687411,,,,,,,,,,,,,,,,,,,,,,,,,,,,,,,,,,,,,,
155.77908129699185,159.25153413966044,158.8465236626226,162.9035847148304,164.88283234541285,163.08056026376963,160.25617861146105,152.61144738186684,151.17872674414554,132.38839762206877,123.447764112414,115.87956896177242,102.95309556374949,102.14408383119418,93.3463767521591,87.81108315351862,86.98721249581666,83.64486705108746,84.46641460445441,84.27788930596545,82.00750357643878,83.27066009104406,81.40130108029486,81.34683231279922,80.63627894760958,71.29588017903376,61.474697754549084,57.63979593144811,56.034788443619725,56.88399555012112,56.79611214546239,60.06584593398084,63.72479038646415,70.42847523647345,76.00733283237224,77.47119229084849,79.07375636413265,81.51256431990593,82.78350563487355,89.78031410503012,98.01781526812242,100.17349657763666,98.39647718046403,107.32597034833724,113.57797843003216,118.62944560851143,137.22124434431052,142.65598786283127,149.2952399901365,151.79209929341457,,,,,,,,,,,,,,,,,,,,,,,,,,,,,,,,,,,,,,,,
159.3640996924887,163.31342721759805,168.23551619054805,168.3013576404747,169.40022658172296,166.97757275572877,161.55657547011126,159.42782787939566,142.43256633420077,130.45783177872312,112.94028279630244,104.38279886186439,99.24657795786355,92.32153058983272,82.3176148670057,79.73081621467954,77.28038608497192,75.70725783368445,75.90774894530556,75.33432748324327,75.57666955211144,78.8292311859042,76.30041107250241,76.22439280418405,68.77304973718724,64.44564491133785,60.11983792989878,60.84933264898802,61.62141471233807,63.53928545488371,62.85226758579355,65.1794586645109,70.04299931044912,72.16721322882645,80.64696272986305,82.275708438356,85.79446792960469,87.96674930880498,97.85910703003944,98.13010235415598,100.87333182025472,113.32845778995308,118.16722832638777,148.1309261186737,141.34451077646148,146.54669054592733,151.89754596606983,,,,,,,,,,,,,,,,,,,,,,,,,,,,,,,,,,,,,,,,,,,
153.46558701397444,159.18173534433714,162.1280417938986,164.50699177871883,165.1423488382413,162.82674147222036,160.439913110557,158.02754717373313,155.00818254238936,142.71511392300835,131.73364377006666,116.52777351186748,109.11749427718269,101.8454396720005,99.60520415501296,87.54937965151942,85.20491598590353,83.33207250335741,79.81641754949842,79.30141693711745,76.75032318625604,76.19051714355786,78.42730812966042,76.92567037486694,78.71830198033578,70.2373257629988,64.97820528228792,62.026841964614064,62.78053195393654,65.09248732185463,67.44021055401917,69.36853693633579,71.5942142791641,72.85194210091657,71.56505117707799,74.2722921834997,79.1396328556856,76.84599979825408,78.76141191706378,85.68479734073287,86.89498494980174,100.7494495309664,111.75988042338517,124.66868172410551,136.83150192748673,145.0209695491072,157.6641680833264,,,,,,,,,,,,,,,,,,,,,,,,,,,,,,,,,,,,,,,,,,,
160.54476499441301,151.67290291142075,163.99081412288658,170.26005027104105,170.87215931188354,170.5980208760491,164.775148478233,159.05149739137107,151.50809133289312,141.3721305948879,121.10920005152803,110.84980940398162,107.91953929841658,93.77014685438148,90.36661759376904,85.5346772086019,84.13943738195341,83.39798506141379,79.72224088623739,77.47119229084849,79.74457877709241,79.83399602080414,79.44573619961889,75.69972255081441,63.21833065081101,55.5791143004284,53.10029185761956,52.63038323556977,54.80609275989708,54.81327593648342,56.74368439036972,58.19575975957163,63.097351335428144,74.79759129082386,80.8116870827842,85.42440674933525,88.2247542953275,89.56162382067612,94.21253936316891,101.60470177772065,105.40811107512334,113.69670767564844,117.89438882061417,142.0623175679522,146.30746711439494,149.51087220458467,157.85445033861254,,,,,,,,,,,,,,,,,,,,,,,,,,,,,,,,,,,,,,,,,,,
160.54476499441301,161.10482112237372,161.63599993637837,165.02334411271622,163.73644415408685,161.71998627970268,157.18067785932095,154.1903028712865,146.31812908186427,126.19285844944946,120.10291099020709,105.61885463216022,99.1970537852037,95.37563979709668,93.15335958734413,90.01452364468591,90.43123271412017,91.29842804685319,88.62585721716762,92.6714212331033,92.67817627137124,92.15877610944143,88.628721766732,84.84512956344302,82.355177845768,75.7001275051884,63.16322290848716,59.9611697206689,56.22181682167724,57.675665848395894,57.307209323058196,57.147526328607256,60.58507965437985,62.738600695304136,69.58434511274132,74.70053472722725,76.66697965607447,77.94491101429061,84.09033992176316,86.26600667224277,94.04455682270071,97.13014984265482,104.4977844221691,102.62996686907827,107.55969059242342,109.1583326470178,126.71599264790801,125.31538131476321,127.70124841033129,135.79406411195828,142.39440413697957,153.68313086285042,,,,,,,,,,,,,,,,,,,,,,,,,,,,,,,,,,,,,,
157.90041977787206,160.3461759419467,161.02222843163827,158.7123549058292,153.0531842040996,147.55786836540227,133.25701467160852,123.5277569700431,106.33353831434114,100.70910806448902,95.18452585208996,88.6288202971159,85.73611967240072,83.58598515010185,81.28840018746908,76.62124703541788,76.38674981884368,79.89199343696217,80.4978059963834,85.69731462414423,79.62464050576153,76.49120565508343,65.59130187254026,61.34255488372499,59.527862297550385,58.212815144241006,58.37867099630409,57.09982790147379,58.83696578332128,59.22867189475665,63.778719374793475,75.86004762003077,78.45895269048829,84.26941026696335,85.0721321106041,89.97685330875461,97.69168166790918,96.92109781937266,99.23591825927099,108.97531741242837,109.64160226226747,117.36388088959143,124.03060052486504,128.6598082540901,132.6430172931879,140.48204426604946,143.1487822527614,148.95348432461114,154.07382390750578,,,,,,,,,,,,,,,,,,,,,,,,,,,,,,,,,,,,,,,,,
158.00791554799474,164.2752542772526,169.16754109812635,169.5476080257405,166.97080519205625,162.51756900959435,159.04489096913773,156.91168023251913,143.41720164725575,130.94835694167367,113.05210981329239,106.68963407314561,102.09493673998443,92.18826609568218,87.07490002402804,86.92350161652887,87.98938828134257,81.59001681979842,81.70364841970115,81.0515360740299,83.08630875834167,85.49238079747293,86.63686590927726,86.73630758200242,86.99551984381023,76.47631125111346,64.93541965857641,58.924933283711766,56.38528443388251,56.386561797747454,57.80017158423323,58.78117829354565,65.7554928174994,71.52282879746001,75.40476851737535,83.80655017365396,84.1085294222072,89.182508163268,94.89193570633013,99.61365871348052,103.44654221938528,107.48718160948484,118.01665656137205,121.32377709590486,136.0016953029408,140.6149927850239,142.28063685695514,147.4330140848483,151.03685238047902,,,,,,,,,,,,,,,,,,,,,,,,,,,,,,,,,,,,,,,,,
156.21378107011185,156.4946077091019,161.10425401394355,162.9374619397797,164.89392268378828,165.8443951893114,163.3954457384654,157.35779393990376,154.33290962269464,146.5808397637993,134.95265138780775,112.56307399575563,104.5639923475533,90.36860565577224,85.88616531156792,85.790957983129,84.46865012734672,79.72089865622027,73.9036728798392,71.83442669962852,70.45423958822586,70.33994881671167,69.65000109877955,71.38697325974893,75.17139478281241,75.88090933663031,70.47728733669389,73.08079307953399,64.79636669615326,60.17717627970986,57.0123311645659,55.76320292676647,55.29120508075156,54.39722264278469,54.006628119079586,53.6937726656892,54.786023732945836,55.164076121487206,63.84057588340963,72.51603779214948,79.62237513671165,82.21354250961396,88.20912510854838,88.37380009058585,86.87454192917839,90.51622927119861,92.20121162691834,99.69025717867518,110.49360433376131,108.84419743095694,123.22488873901925,132.0030751798714,137.01941319495694,139.58425087253752,146.26344189296236,148.14701319220535,154.08371310364407,,,,,,,,,,,,,,,,,,,,,,,,,,,,,,,,,
160.50658907122929,163.83416256779302,165.1347429482545,161.09302276396852,158.82717595354947,154.96352795801212,141.38396140291883,132.82231898419673,117.48092976274434,111.27826403324322,108.12128892978923,100.73410019328938,98.0062390222975,92.84598174483851,87.19853611333275,88.43086133510687,86.27868673525025,81.36996870436815,78.22039355977583,78.85254052697363,81.79235841961787,81.43975723216685,81.20258929000894,75.37359259311205,61.73339135974666,55.3888578154696,51.91620495687507,55.058823017099556,54.55728713457211,55.23277106265542,56.66827527602936,56.93856724260832,59.846253094281764,71.35239706178994,79.25589395511027,86.46282037957172,85.90930903009779,89.80940573534146,95.2833854265642,101.40246410554619,103.83579354494466,104.51606663237997,107.23177432449829,124.98897201797837,129.7480762512075,134.91660008872293,142.24161718798297,140.83625977429458,149.03155746323316,154.4400348281762,,,,,,,,,,,,,,,,,,,,,,,,,,,,,,,,,,,,,,,,
159.0731689603705,161.13637399183906,164.20145612786473,166.06954817715285,165.96375653207352,164.51488163334483,160.71502779598688,156.98804002991739,142.48659175698154,129.1877350111493,112.75964289912555,100.08857422831034,97.37400174734042,88.98501851856858,86.23485087200436,83.24497161475462,84.59353039081505,80.99298990441338,79.43249629113512,81.18477897677684,82.73278948039786,83.21191603968562,84.28052930144447,82.59861182043923,75.64271518043478,65.8719683168841,61.23398924137925,57.80373361126879,58.46846344434446,60.055535936250614,61.42343354271018,63.230933589647165,68.64273494676013,80.47030918447788,85.18733369630303,86.63951573996074,88.31823684960975,91.40374575199253,98.25509294888585,106.12249665025342,107.94535961079514,110.78722138792276,113.31548284698692,116.02774954280851,123.15815371512419,146.46217953689555,148.55320191935556,150.95420864233017,,,,,,,,,,,,,,,,,,,,,,,,,,,,,,,,,,,,,,,,,,
156.70682379703146,158.9465171459368,158.00931231125887,162.77068555221467,164.49575445294698,159.95057504517237,155.7652474132239,153.7555220670732,146.1976958581786,134.47033341356877,126.90343213637078,112.33078517723915,107.63336650651247,99.38813435903118,90.87787035174284,92.67449207010719,90.47927810523026,89.00579921083141,83.47335123839557,81.68419768933063,79.72933275536401,70.47036058522495,71.53939744612043,63.868999455061434,62.36066878066398,65.11551647323572,72.93550219487759,76.19049275963549,79.37972576503068,79.2320836130242,80.69125820431849,81.84218543750669,90.72011136339448,96.2762520773482,99.89357790894476,103.01654167227926,110.33933363793513,112.46171023779678,128.89589156116892,139.32905545219597,141.26717950901187,151.61838970119163,,,,,,,,,,,,,,,,,,,,,,,,,,,,,,,,,,,,,,,,,,,,,,,,
150.27756123207573,159.92847413546127,161.14127002510867,161.7748097815795,166.97004598577666,170.53363290814679,169.82339264997142,164.23123365535687,156.4929183045635,152.2891859847469,142.9390519994761,134.84053642992006,121.05324116627507,110.4618329737825,107.35402463626133,105.04686148609639,100.60911581552237,94.8059710753634,92.6416630468709,92.71620091412352,93.62617070881066,88.17581576796343,89.90790399092319,90.05065938513044,83.45208313102233,77.58659963762008,69.2685061607659,60.89593635278732,53.65662414091281,51.38567027630738,51.901173464186115,51.2560099433502,68.68220173850273,78.53928472623305,86.43810735997847,90.59280430547834,105.78022768702876,112.1052093860659,116.52469929323209,120.16350539319508,135.62786242804856,136.57838910495389,145.3134275349761,149.77563389122082,155.90360921374943,,,,,,,,,,,,,,,,,,,,,,,,,,,,,,,,,,,,,,,,,,,,,
162.44318427195472,162.77627801159747,152.74290356421957,145.11866397655223,114.71832612293204,89.5972243535716,86.53015704820002,80.88980006036353,74.58980632905465,72.79342741195855,76.89919263452816,74.05460409907714,64.814897543765,48.97110410099403,54.19243340612581,51.43828475507807,61.541954895639456,71.58353070538837,83.25169882907362,86.54620078895142,101.57584651013094,109.92405259272479,118.31963677730823,129.74963224750542,139.0193215860457,161.74982841920064,,,,,,,,,,,,,,,,,,,,,,,,,,,,,,,,,,,,,,,,,,,,,,,,,,,,,,,,,,,,,,,,
165.09019995158457,162.0997032812391,160.20576839230526,149.61538032433882,139.62612113991102,131.8969150421588,120.20131342035387,110.29711717199883,101.20079778788444,97.15005091452964,98.71094042331636,102.63556990766311,110.96361198729579,113.0140242560892,122.09259132873417,126.40892611484207,128.22170027942752,125.41485744523692,126.48990704543469,130.4181441355919,139.81355089370652,141.1346966048512,140.42200031526147,137.17531962190247,136.33221985386965,143.1180101727256,144.63585402139475,144.7075975173364,148.43978567628568,158.85527450073795,,,,,,,,,,,,,,,,,,,,,,,,,,,,,,,,,,,,,,,,,,,,,,,,,,,,,,,,,,,,
