0,1,2,3,4,5,6,7,8,9,10,11,12,13,14,15,16,17,18,19,20,21,22,23,24,25,26,27,28,29,30,31,32,33,34,35,36,37,38,39,40,41,42,43,44,45,46,47,48,49,50,51,52,53,54,55,56,57,58,59,60,61,62,63,64,65,66,67,68,69,70,71,72,73
142.68976218932193,155.2640722486557,177.6723037181399,181.57923173043238,182.8909736347164,183.17297105583125,183.5593878193398,183.79183556272778,184.56299122755246,185.05435026863762,184.1990447340643,183.96571144162763,183.0890526206752,182.41236465911336,182.18169228086532,181.93076512619015,181.4724528409832,180.56688024180667,179.65135372175533,179.42784502404484,178.75157391179687,177.81458256067987,177.74572666972347,177.5147117610179,177.18004130785235,176.979203934156,177.54376368552292,177.19567035795149,177.88596982102737,178.01172594242183,179.42377650950363,179.85566472310407,181.556171909839,182.6127032525329,183.1971557254786,183.27064153776092,182.8305586758259,182.72528765854264,183.39843229040648,183.37039423073455,183.09764641407563,183.09764641407563,183.43818195557722,183.21100645255802,183.22309927203085,182.33896336740827,182.39149275459272,182.38106849874242,183.05020188060098,182.59869576555553,181.91580989320573,182.19106779586872,182.58088278700166,182.4167673982389,182.6210600358294,183.2588743063338,182.35942157051912,182.01985883298715,182.2793599941671,182.61075613655137,182.88720227969955,182.66238455210603,182.60970718053818,183.00826135411205,183.90386235558125,184.2287951851999,184.1290515135384,183.2143440640577,183.2442343925358,182.65730455841785,182.10395163812228,182.0681864870166,182.14173145340055,181.7627025339689
181.39200574228983,179.8491498041221,179.535334594683,180.26696309353792,180.7604484185206,180.76490466779322,181.1321802751313,180.40695597607206,180.41159050803975,180.6502115310441,181.32633600660762,182.48536983231446,182.6099205508204,183.53879729803444,183.83502648359288,183.77744647921978,183.43464520427534,184.00330693536625,183.65467558384813,184.75157603468247,184.72758617725128,184.72758617725128,184.35278043354964,184.82897970240572,184.2320964335529,184.31434305056305,185.0587582132632,185.02081297443237,185.05191855953976,184.90729984228815,184.92124211711044,184.8902617232624,185.2597280160562,185.2744849232397,184.68479523330288,184.64752613336347,185.04022646974806,184.994115402964,184.994115402964,185.34331753016156,184.6159025456466,184.86324610110887,184.89359009883842,185.37410041559482,185.43912080901742,185.66894545953008,185.06170966674517,185.0953672783309,185.43830412348555,183.5061752113002,183.98767406393722,183.52739457710277,184.62846954767542,183.35251433933152,,,,,,,,,,,,,,,,,,,,
181.97725125762352,180.919452820273,179.85779321193218,180.3446451765962,180.876343214765,181.26981552336488,180.8895460390661,180.33080673080306,181.5446032839471,181.1867888598657,181.23960643368758,181.71525477585382,182.67128636407324,183.35423559125624,183.2795262264305,182.9195001121903,183.00039003732508,183.59469916228292,183.57658860145534,183.00950261338278,183.48271247653557,184.042867730053,184.05277195297836,183.59694449456165,184.30734133683276,185.38471318477934,184.5402816695089,184.84094912636752,184.86027642518346,184.86027642518346,184.46885523655806,184.46201558283465,184.86027642518346,184.63322635602262,184.4633856762039,184.68479523330288,184.5587896665611,184.5438530229933,183.82387282688907,182.51387986151906,183.21640665881492,183.23611624851324,182.67793753297428,183.0474861276055,182.30895140925819,183.03687446767432,182.65476361176172,,,,,,,,,,,,,,,,,,,,,,,,,,,
183.32391159211022,182.97403270514184,182.03180803462976,180.07647079812085,180.05769965774854,180.16041448777395,180.81885809098492,181.7296138289308,181.88200887625874,181.5078987537259,180.43993772995177,180.4558715604016,181.17238265352066,181.43108041395718,182.77086023366587,184.01232677583508,184.3104335858109,183.48706427137213,183.67333501089587,184.45533578736348,184.65262610893996,184.8791048414182,184.55967699417906,184.57657591110924,184.07030297959048,184.0979571602314,184.5485234456509,184.90179278645627,185.02717688793288,185.14364209778628,184.2818980861384,184.76495482022685,185.1876681443793,184.85553810403044,184.4633856762039,184.85553810403044,185.11079585030953,184.5228899982738,184.5087684623669,184.8649543954142,183.88194531931953,183.73722673770314,184.2243950715273,184.2243950715273,184.22300157938537,183.9053144334466,183.73662097084133,182.93910892016623,182.71250183143283,182.52851277101365,181.9601803242136,181.77676540301954,180.90099889792288,181.43117577426048,,,,,,,,,,,,,,,,,,,,
182.85936136901066,181.82322054201646,181.5912165712604,180.85802652138076,179.91114972638493,179.91417226246006,179.00295466122122,178.64065554683023,178.66036513652855,179.870526098292,180.44692892510685,180.79378961590936,180.13946598948408,180.45995052105243,180.49402161819364,180.8909220418175,181.1375561308869,182.12990938867247,182.8173370514816,183.13363566818913,183.63812219374802,184.76541111660848,184.52899359841396,184.5142112528484,184.5378849359455,184.4963168073594,184.60706706660184,184.60706706660184,184.04602850298608,184.04602850298608,183.69292517246276,183.4974045541776,183.74873983598232,183.74873983598232,183.69018008447318,185.2987319719459,184.68479523330288,185.73428073079077,185.53620426462706,185.58866959905936,185.2373248415349,185.6822709551732,185.20207650239217,184.65081188073137,185.00391995224035,184.45335950011633,183.87691747659906,183.64014291959435,182.5935829239006,182.6311941590759,,,,,,,,,,,,,,,,,,,,,,,,
181.94700537999324,181.71870016692398,180.8814469034879,180.1953574780147,180.99109987014555,180.6269917833923,180.60050275175524,179.28986984299888,179.9100317268994,180.85786428886337,182.46216304659688,182.9396702525218,182.81874754849102,181.17212862093507,180.93002714563016,181.9517464281597,182.3898775976936,182.30433014208498,182.7212968781879,182.95021556659606,183.24282668502184,183.28328551352863,183.81261522725416,183.58480751181474,183.92700848483074,183.2431140935282,183.17983011986425,183.86139744985502,183.42318445928217,184.04385638362393,183.8034300077499,184.45565840968445,184.0538470299889,184.07997615975086,184.6645798272514,183.9888785891746,184.65168499185668,185.00699867208525,184.97999359340326,185.18896617146132,185.55360664884515,185.53539454348856,185.18445031869965,184.32824152783965,183.73888368773154,184.0959733584726,184.15848625626072,184.37170027631353,183.60613689702362,183.25871792976255,182.36787596362316,,,,,,,,,,,,,,,,,,,,,,,
182.1444138783667,181.7869331877075,180.8960565050239,179.6351081870437,179.27005802514634,179.85314599712044,179.27005802514634,180.2153230637365,180.2153230637365,181.41527601625785,183.06586876094536,182.45939997011578,181.28241630605737,180.7374862841501,181.40155757781181,181.11447217068797,181.13837848116253,181.65600410871852,181.86324366490894,183.0370507327294,183.37878728457432,185.4067042638751,184.92984545082766,184.9141316919974,185.11949373298356,184.4885563489111,184.7924748464266,184.42815925965803,184.42815925965803,184.24118699603906,184.603204619589,184.74513026757168,184.74513026757168,184.3324458243129,184.29271481318145,184.30637943956518,184.29271481318145,184.29271481318145,183.93069718963153,183.90483836117505,183.71750478192916,183.49539939311626,183.69254735756823,183.68352309600021,184.1840301124766,184.2695695884141,184.2414705388419,183.98864375578765,183.41077864828463,182.8545661253766,181.72691769617933,181.3748570369152,,,,,,,,,,,,,,,,,,,,,,
181.92958126242308,181.91944333402654,182.62780680273355,181.82614632305425,180.86426140829002,180.6341292997929,180.40388532220695,180.64810819856882,180.54424659132644,180.12028386061456,180.10825490238184,179.70470067128537,180.7001230637721,181.18773110734935,181.62372401748146,182.45000045950675,181.93776759121246,182.26808822403936,182.2109205817813,182.43899235685248,182.876277452081,183.06069312108545,183.0363230781805,184.30759860869563,184.26999199102005,184.32046466160588,183.81867647617673,183.9627363777899,183.9627363777899,183.95228666433414,184.1569407308924,183.78983067118298,183.81350435428007,183.8768570027584,184.18379179939305,184.41424285726322,183.86142052919604,184.24117890163848,183.8506935526131,183.8284828174839,183.16595131744376,183.59481142268064,184.20191275424378,183.95109983952065,184.5411547232678,184.8184026710485,184.4565889789771,185.0054013650311,184.87751552206498,184.54154277678657,183.174204740678,182.85260376898393,182.6898527599975,182.4610546505303,,,,,,,,,,,,,,,,,,,,
182.1925937524096,182.42055161723601,182.3723000263738,180.96070885203477,181.08197083785186,180.13670722218959,180.18328721711384,180.2068851480337,179.81214565833318,180.2301836907936,180.50307057086255,181.1836812717977,182.45028150474593,182.7849287941746,182.80122915774993,183.11335799666227,183.55426424953933,183.5465137131792,183.75554761421802,184.8812991024065,184.86460331224364,184.69214869242865,184.87296209447283,184.64244414982198,183.7892861461641,183.55904853803028,184.1423942176731,183.85850889159067,184.45093792881895,184.82239132221238,185.41260112587855,184.11590518603606,184.49894084718136,185.24024766942287,184.49894084718136,184.49894084718136,184.53561735212168,184.16775505876595,184.15459269292515,184.14126602712892,183.74266270662437,183.48817804978435,184.40082257976277,183.704317342256,183.90943262177728,184.15861578380768,184.58320343600172,183.9834183964972,182.66473575752264,183.63246971874958,183.46135309270414,182.3585165245706,182.45582063268103,181.83130990241926,,,,,,,,,,,,,,,,,,,,
182.41562931948496,181.81702725661685,181.11556554494487,181.11556554494487,179.98624351058533,179.9367084215979,178.98166648473537,178.75223765617062,179.11596684322848,180.28702522581955,180.50157394947416,181.37548181763856,182.91600225012343,183.06847156893187,182.60969081763227,183.5440483997832,182.2370318098303,182.37115269078848,183.23013368860134,184.34156386577848,184.4563500056466,184.78588397566028,184.8184026710485,184.6082562457357,183.90094239264783,183.86015168840248,183.4106647315842,183.2040089535027,183.00174265306035,184.68946610899042,184.13699995020247,184.1608624827393,183.5768876633901,183.81645866546054,184.0887464997245,184.66943548016314,184.47629876991184,184.82239132221238,184.6627997836612,184.47368576771507,184.77533585327748,185.01840366518636,184.56905295602843,185.13321282191507,185.09901658386158,184.75645148535554,184.23276929658317,183.66224038535424,183.17131768331896,182.7027681876937,,,,,,,,,,,,,,,,,,,,,,,,
182.9193319166011,183.26410769416958,182.2122179772918,180.14362583369183,178.96882113195466,179.236888448563,179.24871423733214,179.32082697501986,180.43255091660276,182.20207907011167,183.70127918738424,184.0716539432271,184.05853676784267,184.52350990513793,183.85809709526265,183.81991996875897,184.04636284057716,184.3319288862295,183.83837329742784,183.09645503241697,183.6668441123231,184.18593142567613,184.91962019034318,184.81180845247505,185.27868450875712,185.2609194260297,184.68140974781107,183.8951184606673,183.66778805553145,184.24120225376743,184.72248357662687,184.69482939598595,184.64017525086513,184.27787876235706,184.29486535525194,184.3392873959682,183.73021795707285,183.30315917888254,183.31995365744578,183.72606681595352,183.73636034506325,182.8110663201118,183.07993033788162,183.05400586106683,182.8759196498475,182.8471053173969,182.52416888894885,182.3693415166818,182.41562442717557,181.9194049443059,,,,,,,,,,,,,,,,,,,,,,,,
181.8285939625176,181.13357678575147,178.84077884844953,179.04484490351723,179.84975753174385,179.81198701785112,180.03870028422816,179.3300251438243,181.609486174196,182.19953069239884,183.1227300872388,184.33023906405518,184.22248590395498,184.79996165517318,184.4407189847143,184.85012825090547,184.8791048414182,184.62248969840493,184.78933224539477,184.2105758522077,183.98255610923042,183.98255610923042,183.75433127517377,183.51074784694498,183.78634566796853,183.96642765287731,184.01165876929983,183.42868302655728,183.17230848950837,183.18832530543668,183.46999516182834,183.46580531754677,183.48332182762456,183.50948527776984,182.767672881277,182.7450732258025,182.93483022038254,183.86142052919604,184.23020564182067,183.87474719499227,184.61478585265513,185.27868450875712,184.58764556032926,184.37788259473504,183.70363165919346,182.43812212239217,181.87508101683588,181.9709556191899,182.3116467720897,,,,,,,,,,,,,,,,,,,,,,,,,
181.21829421863742,181.32298041604764,180.29021946488487,180.73434670703247,180.73348217153148,181.0740145307708,181.28853502880978,180.7227754819089,180.7227754819089,181.42535928829525,181.4415762759927,181.87550013708787,182.81136742788675,182.94783437037952,183.31449250467017,183.6937021221977,183.71507715553287,183.59553634086842,184.77533585327748,184.43879756735618,184.48812038980574,184.83258342859298,184.59458274609239,184.21712525925935,184.69963187193545,185.28195440479755,184.43940078195845,183.1406885078933,183.20195914043447,183.45201244168376,183.38042208506104,182.82951331564263,183.4126333604277,183.15405604174984,182.78212308390462,183.38592915724834,183.15405604174984,182.8291758376303,182.89212317056462,182.84864433144887,182.6806892025932,182.6573553630402,182.6152084254873,183.1616126506984,183.310378676643,182.41710494333856,182.41710494333856,183.09619955693566,182.5047251911267,183.1819125318,,,,,,,,,,,,,,,,,,,,,,,,
183.09084163534044,181.4581915459036,179.60151666399227,179.96730004377883,178.89620086118384,179.36649831722525,179.36649831722525,179.38184746869075,179.83420375533584,180.77462272647261,182.02091941962814,183.39155004126556,183.55168662243796,183.0195197687643,183.35268716678274,183.3020472228737,182.94537989578092,183.51371457994392,183.72502587907306,184.0820364529756,183.73477911932886,183.8268310200763,183.4559969153372,183.51074784694498,183.51074784694498,183.5259083250108,182.75707705750546,182.41183617791813,182.5599909283031,183.06710493672242,183.40621489903506,183.45650110190047,183.42899802972363,184.01428046517168,183.45650110190047,184.3906058507251,184.97677160786031,184.0129090564628,184.2837510820219,184.27002211958887,184.27002211958887,183.8910591295375,183.81867647617673,183.8313637610697,183.8673854464404,183.98533826202703,,,,,,,,,,,,,,,,,,,,,,,,,,,,
183.75833556899178,184.09487385491312,182.35036264813274,181.5262892557954,180.6290609927037,180.288420178979,180.48467676316196,180.12921831633355,180.12921831633355,180.57061722323334,180.82036859724965,181.5248554271312,184.22726013713927,183.97746714270886,183.91011314154198,184.49843681130096,184.12168312275003,184.08151489740268,184.18247038091107,184.3492129001187,184.55967699417906,184.23024889777665,183.73706593170607,183.91686404671114,183.90552145204896,183.8072146162006,182.8911245527942,183.2479640309387,183.60505370167976,183.5688821285098,183.78767651663077,184.1647451197545,183.59171095923435,183.9704327839736,184.71339564772782,185.61232789156247,185.58634341283914,185.6056707116551,185.47830439462035,185.43261362227503,185.3806884090708,185.25519663091018,184.68461178942687,184.88608579267301,184.89679248229558,184.50864258555382,184.1726698402754,183.98667304487753,183.7638379819722,,,,,,,,,,,,,,,,,,,,,,,,,
183.0833759836078,182.40325950846224,182.50258155410452,182.83631388522542,180.8607887738333,179.8632626179792,179.8632626179792,178.79524781991867,178.76525006013867,179.93974777444905,181.20367741598824,182.7456089990752,183.66913179230764,183.81848438636078,184.2862517920494,184.72129929984033,184.16796677639115,184.55909195096257,184.49465363829302,185.10706882370255,185.360989577647,185.33970585666717,185.00391995224035,185.00391995224035,184.7763311610903,185.03246792173297,183.6720766955645,183.6720766955645,183.12905475806164,183.12905475806164,183.12905475806164,183.41061613981293,183.37090350286059,183.70558684153985,184.2446387960542,184.2446387960542,184.07257991532634,184.0543806688922,184.03502233164002,185.00597889009592,184.4232230895813,184.41094831810963,183.95690237827284,183.48688531440817,183.28930670073646,183.28930670073646,183.3041014348719,182.7684324930359,183.12732569079955,,,,,,,,,,,,,,,,,,,,,,,,,
182.7631201311444,181.7083754869779,180.87055157375633,179.87317513035532,178.80559376042123,179.63024134417626,179.64291562797425,179.90822003268175,179.9030719343176,181.17363793805504,182.22077975483342,183.19484080317633,182.28210279530444,182.41350090601568,182.52762962721684,182.79628626384545,183.23013368860134,182.8798168843797,183.48271247653557,183.23611624851324,183.76269654973362,183.2221052024822,183.5791948732233,184.73616312743374,183.76877013899224,183.99837764411424,184.03565317414115,183.85100061780508,183.84227528777788,184.05480443256155,184.0073263243497,184.0359501815462,184.0640501202021,184.0640501202021,183.6720766955645,183.46318932517707,182.97367496917627,183.86966740693683,183.86015168840248,184.48247913540857,183.93597123214394,183.73477911932886,183.3882489940457,183.1212266750873,183.8313637610697,183.87977015253324,183.39354179476712,183.6986923141751,183.8228118326489,,,,,,,,,,,,,,,,,,,,,,,,,
182.41974117820988,181.90769586401558,181.19518337362547,180.73434670703247,180.94788767582745,181.3118877825041,181.3118877825041,181.57614471960892,182.25259666604376,182.4943191301207,182.84084513322705,183.8428558337599,184.3341679669653,184.32432163959825,184.58542815563294,184.37170027631353,185.14166946134415,184.568987946202,185.1730999118794,185.5042857002948,185.93795614849023,185.3347305055139,185.36884516435626,184.43537856068485,184.24764294848478,184.4809353739766,184.1411741272265,184.1411741272265,184.4762051558915,184.33661571077968,184.40121006861625,184.76497577813203,184.7354972624036,186.44587070515738,186.21265613025557,185.37873472861617,184.78933224539477,184.22841758173044,184.09418885943114,184.05007104691765,184.16133544464893,184.14654071051348,183.58944110686076,183.93597123214394,184.19899884527405,183.3489263446292,,,,,,,,,,,,,,,,,,,,,,,,,,,,
183.39155004126556,182.003051500244,180.4918209038521,180.35889319776362,179.85573136415655,179.85573136415655,180.08476307566994,180.05539477511007,180.27560266223568,181.62428090833143,183.25365798071383,182.40135888901713,183.66334410533076,184.14334461223729,183.81316080442176,183.81316080442176,184.02694357848426,184.06724446693488,183.69898874185344,183.64889773362177,184.7763311610903,184.30734133683276,184.30734133683276,184.3332001652892,184.25445269052685,183.67136335442615,185.11006305526197,184.73578450870374,184.35654739117982,184.6500365807787,184.58474895426454,184.59974235283013,184.63212040234862,183.9212572050557,183.907592578672,183.8691132341178,183.8856675779022,184.09074726134082,184.13023737728233,184.0805206508846,183.86583721795475,183.86583721795475,182.93478968871653,182.80122915774993,182.2469292370466,182.9195001121903,183.37432847705364,,,,,,,,,,,,,,,,,,,,,,,,,,,
182.09228487464972,180.83569764579437,180.82063042314283,180.36840502318938,180.69299532449187,180.67014273434495,180.5555209635223,181.13294196405164,181.80768135414053,183.17990333363545,183.353653034088,183.82810390534513,184.11036076355933,184.6600660292912,184.50703834438585,183.78888084255098,184.82226550511723,184.77787803586338,184.5665121188342,184.76035403259772,185.11786147154058,184.547767209293,185.28414148105978,185.05743962269867,184.83677827745413,184.12078776055213,184.69245555703264,184.99484756374994,184.99484756374994,185.3465660309628,185.2388073279779,185.26666137513368,184.89066495146872,184.89066495146872,184.2731867655468,183.86485571102693,183.68538144229055,183.83397239008795,183.59694449456165,183.62324400266422,183.59779294893372,183.58108408728964,183.1480150587225,183.5046823858153,183.3020472228737,182.9637310843201,182.85104700974637,182.0481590509477,,,,,,,,,,,,,,,,,,,,,,,,,,
181.60827838178503,181.26444623524705,180.54719485731027,180.10028743185723,179.723050399828,180.77032631844534,181.3548561805275,180.4356584786457,180.08655788565645,181.237096546238,181.04032248363305,180.94148598822576,180.31345872590978,181.15749355335396,181.81760898786513,181.1958401142057,180.64612504092833,181.65184006474632,182.20207907011167,182.3823180236173,182.3823180236173,182.49812938180534,182.5349351050369,182.74603673979928,182.708165062759,182.5326583944525,182.5690086015777,182.43951636495925,182.46101712146418,183.07396955172814,182.48269186719912,183.07396955172814,183.30551412184562,182.94596447670818,183.85850889159067,184.4455482094223,184.673773043479,184.68461178942687,184.91263153240413,184.3333810886466,183.7739594423908,183.65294719055134,183.7889433759273,183.1918477971507,,,,,,,,,,,,,,,,,,,,,,,,,,,,,,
181.93245545693034,181.57530479253992,181.65730648016034,181.4191382758636,182.15084593692208,183.5418327924348,184.13766404973026,184.13766404973026,183.4473868518652,183.18439600570005,183.71046983230787,183.44412887272142,183.04161897504417,184.38607122520844,184.20382145225722,184.67501267584367,184.5391377080039,183.84026940789508,183.65678708998465,183.31630220106675,183.8276401863878,183.80548404692254,183.7830503051116,183.55479620158613,183.81272474237056,183.2288278757447,183.48385237561587,183.61666748629133,183.9382494013605,183.94470822113823,184.25797010887277,184.0183089935941,183.7562700711636,183.7562700711636,184.13549616506916,183.6510917937389,183.8429724102043,183.86094473694018,183.01383555571581,183.3862506871171,182.5567985515608,182.7348377859429,182.9636358954101,182.17643460778424,181.75625510922904,182.42545596799627,182.42603039094905,182.16999454814373,,,,,,,,,,,,,,,,,,,,,,,,,,
180.90721536221196,180.58684670058832,180.81471767131453,182.0591313943094,183.68309274277925,184.64126613042734,182.98863245522946,182.98863245522946,182.1189184296,182.14447693331928,182.34433059677772,182.49541654229031,182.7459787115642,183.2363520348131,183.90055496533859,183.68796626948466,183.4992725199498,183.73946793906725,184.09427391103662,185.78186172236673,185.562333394389,186.18571535171606,186.5393335984282,186.79769448777253,186.20441811587503,185.29008120537128,184.6866914445485,184.66224055220223,185.03885502451908,185.04870304427652,185.6624382727877,184.72569825668322,184.84906740293238,184.8402857677014,185.19035604363285,184.21480816229297,184.1886741653279,183.80806113647324,183.43823274588138,183.67685718800342,183.10839841076108,183.67727746808526,182.56720298273262,182.6288591209288,181.1893561566444,,,,,,,,,,,,,,,,,,,,,,,,,,,,,
180.3224421000669,179.88783659517816,180.20366339402332,181.81551602401467,183.39102018357087,183.78722268417053,183.42287059177644,182.36187806398573,182.11288275763008,182.55001603565387,182.98002167265483,183.12439825469372,183.53720163862488,184.00128984752672,183.37511459820917,182.99421324746987,183.04066577050105,183.26958445890918,182.7103500145016,183.61433791863453,184.73485417211688,184.47851729428024,184.47851729428024,184.47851729428024,184.8180800318122,184.847286492651,184.96393686067543,185.22073893369353,184.9774309206033,185.3294744860183,184.55100211589462,184.55100211589462,184.32251953589287,184.32251953589287,183.95135065591256,184.22480575859484,183.61115429565706,183.2836748899812,182.832949971753,182.832949971753,183.23013368860134,183.2748165327414,183.67333501089587,183.2142918332469,183.42573324313494,182.4833486588512,,,,,,,,,,,,,,,,,,,,,,,,,,,,
181.13482666598375,181.33536512214047,180.65790527628388,180.3943003573753,180.3913242841637,181.22708926560364,181.81067035686823,181.24898336662858,181.24898336662858,181.12901066640725,180.84733936087883,181.8171551868633,182.3116467720897,183.25737425014518,184.10636673050948,183.90653479773624,183.47987196083653,183.94646465488748,184.51839285975774,184.13383468249518,184.05134106627233,184.14334277918937,184.10367800220078,184.08347260295147,184.08347260295147,184.442795346206,184.17001831772146,184.08703403514028,184.11447920455572,184.13267845098983,183.80101629090254,183.90563931781736,183.94954599027497,183.40080706147174,183.2212887085136,183.57606803784682,182.7860135103778,181.51041270321087,181.8870703462131,181.19717381410493,180.99528110374825,180.49269353536334,179.38929038254642,178.76956450019165,176.5015842421279,176.38859311522063,175.26570474050916,,,,,,,,,,,,,,,,,,,,,,,,,,,
176.2105124842135,177.19509592377347,179.55789937991204,180.79152075443466,181.3639275316029,180.79183907608436,181.4927026954605,179.040295650291,177.1553443952266,176.4677054161091,176.94585198383177,176.95175575248038,177.6333868393334,178.1056939175201,177.95943920379443,178.2158264713523,178.79178334299334,179.43256672526934,179.49745600895858,180.1204142808991,180.51629342533244,181.41621104442564,181.28756220156203,181.23979527849858,181.51562750148898,181.51562750148898,181.51604434524634,181.88504434693067,181.89924052590504,181.59879195659934,181.28665021632688,181.042427339965,181.06993041214187,180.7759426075135,181.35106508271963,181.10990733320116,181.00435703895053,181.9627013345606,181.17110767257603,180.4760490704373,179.56416052783126,,,,,,,,,,,,,,,,,,,,,,,,,,,,,,,,,
178.31567416484987,178.74960680034158,178.18135360670394,178.9761981685394,179.89933941652282,180.25962953137136,180.64517570110732,180.6363341338526,178.24772280925063,178.12207629167375,178.46769986971628,179.7657123033035,179.60294251368222,180.1845268322615,179.95781356588446,180.14935327400363,179.45577214711597,179.09332018748142,179.85825848957208,179.82179289300424,180.2443302013141,180.22548849044506,180.1756650381594,181.37352826139943,181.7828547395987,181.7828547395987,182.02706293757055,182.04251413806725,181.71880072591227,182.315510525876,182.3271954340456,181.76248105021403,182.17935284847343,182.0891084333823,181.14419975191385,181.27677436502137,180.36893982009303,180.59981227995408,180.71025855121994,180.7047392583449,180.58546846796992,180.1290113795633,178.78120948346472,178.85880074441286,178.16716049405792,177.4906352601483,,,,,,,,,,,,,,,,,,,,,,,,,,,,
177.4906352601483,177.26284369493933,178.7884619574813,179.48453857712528,181.57550723299514,182.72855234975196,183.78525625227155,183.18136786941804,181.3163440317767,179.7964732214533,177.70549675033803,179.7748967182099,180.1432030213162,179.7999604212617,179.23448549822828,180.11931079830433,181.34094845413273,181.4210056408663,182.09978757741172,182.69912438645045,182.45557505511624,182.81141743053007,182.44662363863426,182.46367017439383,182.28499319146965,182.7563717359083,182.4182447817711,183.01648358878242,183.06632686154114,183.0871087900868,183.3245353566229,183.28258720500122,182.895908063669,182.63540048904144,182.4822305715071,182.6303493851983,182.63913102042926,182.6478049707851,182.5209492454389,182.74890142061622,182.74890142061622,182.3893534449208,182.04053795190922,182.17865796476784,182.56300735982057,182.93892328091601,183.05254442959105,182.3627057526035,182.47681795404068,182.02685107498436,,,,,,,,,,,,,,,,,,,,,,,,
180.33090924947945,179.3788586835563,179.0486915246361,180.66619997018313,181.621534171546,182.35114046251417,182.332790399644,180.88823549523977,180.39408439775013,181.17802887718793,181.45905424363048,181.72706732364898,182.38792506383456,181.8753924066131,182.16207351632332,182.2602710538461,182.11908580679273,182.68981584320937,183.2477297304982,183.71067905421168,183.48858332587287,183.8185991159073,183.5878382621397,183.4908228792995,184.46920460867557,184.419387526973,184.2889366487205,183.95950764267806,183.24421288306027,183.5736589441043,182.99934550412712,183.23666928825403,183.49573285223548,183.63917151528315,183.62904638942425,183.06734286300278,183.44567905355237,184.00823584684088,183.55726638547756,183.43838502980879,183.6514505525781,183.52930868347946,183.8636347475922,183.34338975863636,183.12059289181343,182.91695656487735,182.30220808896127,181.958112748959,181.278278862958,,,,,,,,,,,,,,,,,,,,,,,,,
180.58776541488666,181.1158362602142,180.78096492753278,179.30194524852388,180.56575996972967,181.257290099984,181.99030463585987,181.39822033864306,180.09482766963765,179.74994120622566,179.62871369427285,179.98926442217677,180.23696711285191,180.94927391525584,181.40493645119102,182.06643597409501,182.56300735982057,182.63782159133112,182.37810511244467,182.3411815351315,183.4823525420337,183.1934492732833,182.75280002554334,182.63682141896393,183.0182452572877,183.0182452572877,183.73813486062025,184.10681299800206,183.53599894543945,183.62008840398812,183.75332961561267,183.21652089626986,183.67103775894884,184.47796674448927,184.27392540337962,184.2511437825074,184.02414108947218,183.99307513192815,184.04602850298608,183.81795672791495,183.7944903696763,183.5859347265742,183.19328392438354,182.72463523772785,182.68981584320937,181.87754813848528,181.87754813848528,181.72454770390766,181.53491225059244,180.74228131621612,180.29854529986446,179.28497807958948,,,,,,,,,,,,,,,,,,,,,,
178.5987612999276,180.19034627328475,181.80040049818987,184.01050459705425,184.3987053549955,184.66096782294224,183.83774031350345,183.44307205619845,181.45115921262698,180.17070813092863,179.7301993410159,180.8747604892845,181.8159025882613,181.48260294325564,180.6667000751825,181.3430054224933,182.36342722986956,182.89971007506924,182.76515558423486,182.73538491763017,182.49553625993988,182.835481965608,183.01968479312475,183.6064043121547,183.22353769026532,183.44877265316936,184.06631877480598,183.57044137977567,183.93708423815806,184.30445310408328,185.37751492113202,185.614537835292,184.94401236031754,185.19878987718218,185.59467150099331,185.26390060805966,185.72544015386464,185.31632531627437,184.48183285663595,184.5142112528484,184.73195625866418,184.58644423997006,184.38269409001566,184.20171151055314,183.8562830938523,183.8910591295375,183.48213166276895,182.77535758920547,,,,,,,,,,,,,,,,,,,,,,,,,,
181.82926471467792,181.07246512403168,180.48110545261582,180.03619611692025,180.8479295824972,181.8851992564181,182.57136805546517,182.58006346296125,181.44682620872254,179.27785662715752,177.89523717467256,176.61400906696016,177.61254624507595,178.2907667714882,178.89159417617662,179.40817007100668,180.15211960826977,180.68264899720754,181.15367400884014,181.35150411748344,181.95459472188438,182.4991719771987,182.29371206588957,182.74474148125228,182.71426017078244,182.59519959915906,182.57296032759652,182.52193889209946,182.77309236832582,183.91643000428152,183.68290969528616,183.66424353549272,184.7523067159193,184.64485473050607,183.90700364258308,183.55099975261643,183.6488697077659,183.57420901609612,182.6152084254873,182.0766669234729,181.80483436902628,181.4550685906073,181.63111127032252,181.43281987723176,181.6037693698204,181.4581915459036,180.89658897119534,180.10934804766345,,,,,,,,,,,,,,,,,,,,,,,,,,
180.30874717638372,180.427090503467,180.2104312108764,181.78991060824606,182.87270746797367,182.3028524772303,182.3047955657899,181.94897963711898,181.59747619724564,181.82554230732987,181.9321335896227,183.11610275479003,183.48188877891226,183.83045962666645,185.00409820189472,184.92573659603363,183.46986098316518,183.32280120057214,183.50552644024378,183.13030914730933,183.47349573276597,183.80715410837465,183.47349573276597,183.6474456512188,183.6474456512188,183.99626114423035,183.610410699044,183.5787418281254,183.64322453511866,183.86966740693683,183.8951184606673,184.25486688015113,184.25486688015113,185.20197481045906,184.96573007744408,184.96573007744408,184.60058470640092,184.20191275424378,183.55373249076024,183.55747168155256,183.3108616853133,182.67970409305735,182.45675083380254,182.84839002224209,182.6686573459922,182.47450262564797,181.35969539967437,180.44644812240273,,,,,,,,,,,,,,,,,,,,,,,,,,
180.8898825897884,179.76305595446055,180.55614938575962,182.68160171576795,182.50717892339566,183.22693504515627,182.96844207857075,181.63999598103618,181.027710057231,181.0059490566939,181.2375969352159,181.93637898865694,182.04746392945302,182.16929758576316,182.33298230196985,182.43919752065742,182.8733093550247,182.87448816348646,184.02177597037394,184.81310156585954,184.0204173134246,184.29988357322011,184.19423817965261,184.77113502710534,185.36576972780568,185.32129038281715,184.97247906669324,184.90645782450238,185.28979480132932,185.2395560712823,184.97999359340326,185.20494184645895,185.1380005684274,185.23282037645745,185.5611593582282,185.35490588380318,185.45587216357418,184.50278189079847,184.74905147471534,184.41786568629993,184.7819737730532,184.19541820873116,184.2330248264067,184.2292447229043,183.79890612656814,182.88923694200457,,,,,,,,,,,,,,,,,,,,,,,,,,,,
181.73529877696484,180.78482460299188,180.66538889774029,181.33903923147813,182.25457496593503,182.0293164293432,182.0293164293432,182.0293164293432,181.18257455991588,181.07169794904036,181.3610352661075,181.85680873464744,182.3421464513059,183.58157695091603,183.1117482546752,183.17131768331896,183.3805747413036,183.3882489940457,183.7808006320786,183.23013368860134,184.10105584614976,184.2176591273454,184.31434305056305,184.31434305056305,183.7794502132194,183.79600353549571,183.75439740348543,184.1375935841441,184.5526918701283,184.5161019135338,184.49349959035513,185.15520657375345,184.79546383658663,185.35490588380318,185.28168318688708,185.52897405752674,185.58185600192826,185.1756386057887,184.71647755329073,184.46742156957097,184.39024869081277,184.04547291324434,184.0089484291233,183.43823274588138,183.70556967846537,183.82209758049413,183.39492354211828,181.68540231911825,,,,,,,,,,,,,,,,,,,,,,,,,,
180.88229602942937,180.5100379769667,179.14315710417338,179.26532200046773,180.93360109997192,181.52051826683584,181.31315648387277,180.94839224268253,181.2025653885716,181.21550043282934,182.12566058514196,183.32914632388326,184.25717127118796,183.51019997229403,183.79537385158025,184.7819737730532,184.5939101256243,184.53368246344678,183.56988769407067,183.99261188755358,183.97667805710375,183.89389099986906,183.9104887779275,183.97105997275423,184.05007104691765,184.8792737830067,185.26541701015626,185.24096611781002,184.8080932058619,185.23709482782982,185.23709482782982,184.68063321701158,184.35584071824448,184.37218359122093,183.61115429565706,183.40107349420495,183.18427429042936,183.17717500880408,182.5631226771419,182.58002159407206,181.86545990379418,181.50729566204606,181.04853778427784,179.91454376206605,179.56977533083858,,,,,,,,,,,,,,,,,,,,,,,,,,,,,
178.89623284708952,177.978635059644,178.970845195694,180.70731936854426,181.45021629093344,181.43209618416466,180.71171220603568,179.64632684075355,179.5182534010898,178.6941502368791,179.64899733607638,180.60695533844333,181.5576108176938,180.39962583447144,179.98390568033534,180.1432661816107,181.82814177217605,182.17446878550865,182.94475252949988,183.5090595180317,183.36979850849394,183.60292066176387,184.6033936828619,184.83052141706563,185.21940355137892,184.7226834431417,185.80966371736767,185.12392122267033,185.09626704202938,185.10751694950568,184.83384510176666,184.7978748770236,184.67618491400106,184.68577978613996,184.695251728443,184.3385218842015,184.38525212715498,184.40706413292062,184.03158708756686,184.40397781099549,183.75833556899178,182.45939997011578,181.73662874557093,181.03385278314764,179.89537040697246,,,,,,,,,,,,,,,,,,,,,,,,,,,,,
179.98611819101808,179.74346368557997,180.32230085559294,182.43411614044038,183.59390572444667,183.4981862941052,184.03520832883,182.27728446902984,181.82554230732987,181.35930578606863,181.92448696319192,182.42854435719633,183.1189460337315,182.88093733822438,183.04871149519963,183.46917403226215,182.8285407007262,183.38552188728227,183.5547519706942,183.1984962796577,183.1984962796577,183.8350988786685,183.37795314738221,183.47778651979817,183.96175411133058,183.71504001825267,184.26743010571445,183.68849427852155,183.89626122573415,183.58911153560484,183.5618926400215,183.5618926400215,184.68063321701158,185.0378282190062,185.60760222388967,185.60760222388967,185.76673660651377,184.86894192370815,184.8765044092173,183.46986098316518,182.91218780447943,182.21976199434536,181.99364658739685,182.21976199434536,182.17624208811313,181.88700911109163,181.67917316273056,181.2181123289569,,,,,,,,,,,,,,,,,,,,,,,,,,
180.3224997842099,179.1195739821935,179.26532200046773,180.31156527776974,182.84027559649672,184.15701025538237,184.50582574839396,182.97543015551852,182.62180991228573,182.8387878410054,182.3627057526035,182.81804924216613,182.76183090677114,183.37004253537935,183.5688352546467,183.87166213019555,183.26535253305292,183.5850481721365,183.74537019076908,184.67766505471806,184.68934996288763,184.32485723486053,184.6003920140356,184.68402387879627,184.32977345341794,183.47520946245805,183.45220465380382,184.0922187220175,184.0922187220175,184.45380256061068,184.8450566837599,185.43780859926096,185.72149012349203,186.07916494354444,185.97062608869007,185.64903111749524,185.95134424678392,186.20004266441583,185.83044762879356,185.6143545909337,184.96912477692229,184.09579219033193,183.62125983930318,183.9088866359581,183.54947518171127,183.88225151267864,183.94657050271152,183.72248907331291,183.1480150587225,182.82898426091248,,,,,,,,,,,,,,,,,,,,,,,,
181.4722933865032,180.65946749684844,180.74548434306516,182.33862403630488,183.59874239620217,184.953863742591,184.57753835703758,185.5150661943089,183.8312513946757,182.1593327834833,182.0385274118762,181.5963521844097,182.37068658444835,182.3365705415813,182.81121226507153,182.94065909918302,183.03260252281402,182.87286462819625,183.3125578217626,183.7543326717991,183.04040352291346,182.94894984237942,183.79482849214037,183.1513874261797,184.01331553593147,184.96667217801775,184.75743457038087,184.75743457038087,184.7864111608936,184.8125774017717,184.7960240794954,184.07149858728295,184.43537207326466,185.04274803873028,185.04274803873028,185.02404281512747,185.02404281512747,185.01026875674208,184.99028836215726,184.98018074811512,184.5198886792945,184.025746603737,183.74759712017163,183.4749324041547,182.901657050056,182.10483617301188,182.16888639034613,181.94206342836424,181.70295946918273,181.4570009765656,181.64597749756405,,,,,,,,,,,,,,,,,,,,,,,
180.93154563974585,180.68090250501908,179.4251767618019,180.10934804766345,182.58422196052345,184.32147738971744,184.12808083236877,184.10003355090245,182.4797637918171,182.13040361231435,181.57319988097075,182.60443488405332,182.55571183642203,183.5056835293753,184.47259339213403,184.26296420708954,184.2461372532376,184.94301071861355,184.4873977828054,184.15641201085273,185.33918482830614,185.33029349077464,184.30160310060813,184.77477368308806,184.17911225768356,184.4170988630356,184.10105584614976,184.3219455049208,184.65419085222774,184.56402558421922,183.99775524903976,184.05961919005927,184.4506350503046,184.22171636189645,184.32932503418658,184.34163029998962,184.71578752626087,184.75392591028614,184.3645261308655,183.706426581155,182.90250095988029,182.89678105275058,181.06480867618995,180.25218532559705,179.82104591042702,179.50394503960476,178.18752565415295,177.2072976342867,176.2661686894126,176.40039314360257,,,,,,,,,,,,,,,,,,,,,,,,
176.2931946518632,176.84512517385855,177.77171634405838,180.53505287769516,182.29159462462445,182.368469530353,182.368469530353,178.43370881301695,178.61949584099565,180.44242965803946,180.87405548909342,180.54233199490056,180.28356069861235,180.62425363681498,180.6861768045837,181.46823906264035,182.48242292882486,184.22960861177413,183.2852040008183,183.86934804763106,183.3037999133344,182.800780009239,183.20498374940937,183.47447523752382,184.18491612511843,184.18491612511843,185.06958546072354,184.71051604274834,185.32773244326563,184.7222009509179,184.73373809777846,184.6433690954154,185.41977601728084,185.0416128969086,185.33918482830614,185.20681051874814,185.19570022617594,184.4805179671806,184.32993058433416,183.0979240504908,182.82093314094766,182.6810764109953,182.70526270653042,,,,,,,,,,,,,,,,,,,,,,,,,,,,,,,
181.3161593961843,180.7551211004343,179.24965457413876,178.9279234110849,181.45757594582827,183.19882295616284,183.5875799020154,183.57282055676916,183.08980271539303,181.67133583903978,181.9825238610844,181.89540453211376,182.02382380721602,182.37487539177306,182.60013618848552,182.24937476813545,181.3418278659953,182.2778271620342,182.15488856364223,182.15488856364223,182.6679663598188,182.4482909571604,182.67422874469844,182.63046577832924,182.65092612010199,183.96493828531382,184.31559256754775,183.96145428106303,184.17365366745517,184.2100855285264,183.6332608649772,183.6043126398223,183.61423710430566,183.55374009935758,184.41424285726322,184.67618491400106,184.20191275424378,183.3855335489627,182.55655177155856,182.33202368162307,183.0043004768195,182.17446878550865,181.93360092722716,181.72638604325783,180.72568697275315,179.6598254927804,178.0518595471012,177.76224612424295,177.18737516758998,,,,,,,,,,,,,,,,,,,,,,,,,
176.0370175390162,176.94595624119654,179.09421333988936,181.27411632868538,182.27952009760736,181.84413756743083,181.81018816653392,180.43671865446638,180.64452434178065,180.15572088278387,178.75546611028616,178.73456282362147,179.18306150361454,179.48426040933583,179.25263471557474,180.15441378370681,180.36516197396784,179.8739670233987,180.9295064416421,181.3176921767035,181.87152136531304,181.72667984317448,181.96646456829578,181.96944695575098,181.98759910860448,182.42381114866058,182.57537559504402,182.3664206489702,182.61250113698983,182.62662267289673,182.96566979171538,183.3077035404677,183.53196029997977,184.0016054332713,183.4937844083172,182.85866190125662,182.8205570128041,182.74322264323803,183.7216207942097,182.57188675728221,181.9775214676179,182.32862847006666,181.75124876153623,182.1444138783667,181.93245545693034,181.13727309039106,180.45345065786927,,,,,,,,,,,,,,,,,,,,,,,,,,,
179.8889325756284,178.8466236033442,178.38649976105796,178.2642954110716,179.55063055129202,181.98079881027675,182.47420446817046,182.71424110162366,182.12109639666144,179.7753118203755,179.87013734112207,180.77167303348142,181.67039109586744,182.45635157923752,183.24878275104115,182.4498804614941,182.87448816348646,183.01780778867854,184.11182610053027,184.0775954611353,184.65041441673208,185.0105895221935,184.97302003722316,184.9494015703881,185.21688903183448,184.69293932604535,185.0336943973996,185.1066367939973,184.89384174087056,184.56776997596992,184.3503952656741,184.37849520433,184.01728402175274,184.41619573001392,183.7132571720718,183.8429724102043,183.8429724102043,184.16452697507094,184.48199461435485,183.5806871785767,183.60613689702362,183.26188523390053,182.8897635451264,182.69772067352392,182.4723169338197,181.1015242188108,180.65039971160715,178.97798350121408,178.65146183759475,,,,,,,,,,,,,,,,,,,,,,,,,
178.18105586345396,177.52210464554494,177.96207963072072,177.48297404895678,178.8678197248687,179.6657863676989,181.39718102729637,181.69437348401988,181.64877761626718,181.29218786336472,179.21857566203525,179.30908382749817,180.02909821683994,179.70874255157676,180.6437457141754,181.10990733320116,183.0362508641883,183.38833787984058,183.86598727773946,184.69467193728747,184.66787817777734,184.66787817777734,184.6547158119365,184.51140636625155,184.94910873827683,184.72240687991575,184.72240687991575,184.08837241404345,185.48263892285877,185.88598783302825,185.05429127850454,184.45899552514572,184.4762051558915,184.4762051558915,184.4762051558915,184.4762051558915,184.33751966334867,184.21821644159468,183.90948277313873,184.51291605989718,183.9340694215416,183.92547663933922,184.01188183607778,183.97423108587876,183.95590425650704,183.0363230781805,182.58075466341194,181.2179738858421,180.791610458303,179.39591974147342,178.69529702732873,176.79967119505068,176.3670918926641,,,,,,,,,,,,,,,,,,,,,
174.35161709048165,174.50720465924758,173.41295638121048,175.04153641337467,178.40885972880542,179.8015327084336,181.18885044176812,180.94781157858844,180.59860719729855,180.02465748499898,180.46145601821073,179.77618949963147,180.67936475546526,181.38035407344444,182.3090627890257,183.25108096698887,183.38736086392163,183.34125467465026,183.39745368935374,184.23209249047835,186.02987583966132,185.44563175328437,185.15056884925522,185.1076917765809,185.69072206931824,185.04152909496813,185.02472459815343,184.06089245256874,184.54794130041316,184.0640501202021,183.47608305976405,183.13779238633336,182.82563274853695,182.87588417678143,183.30114270701836,183.65598769984564,183.26541001068463,183.57255970081394,184.54860584844187,184.17911225768356,184.90809556174526,184.73112680660233,184.75645148535554,183.4912440241636,183.03281216456637,181.89804410830195,180.68791645886043,179.89035887752627,179.11344513029894,177.692030888167,176.32551293047888,,,,,,,,,,,,,,,,,,,,,,,
176.16560147596982,175.477545853598,176.14651954639794,176.3770876906493,177.91322272442923,179.21330142426964,180.14019799923497,178.38320968932678,177.02216972930992,177.8279749358563,180.09957257957717,180.80484206984784,181.75225886496915,182.56513351536347,183.63666635530453,182.81309014534355,182.76238966789353,182.35023971365618,183.5688821285098,185.08487487223616,185.71926708785548,185.3288671107193,185.6822709551732,185.6822709551732,185.295533650853,185.28414148105978,184.83052141706563,183.12706464910949,182.82573725700783,183.19165963810428,182.9403701691991,182.621063399896,182.60068838297886,182.91884029606865,183.28975953185443,183.30265924321813,183.51979423005918,183.29502679515048,182.82558602715076,182.59567642623213,182.38780371314002,182.24675121216063,182.0045340321059,181.77866484928637,182.1084991844067,180.66087543624084,180.20575365053995,179.75025708123144,178.97462031971278,177.36968324404614,,,,,,,,,,,,,,,,,,,,,,,,
176.67945057229431,175.99592276798845,176.69140890983778,177.83341541381128,178.75194412832894,181.064221227113,181.9337164772358,181.69286656660537,181.17160825766234,179.77442723036594,179.42292379049258,180.32518690040598,181.48768838277795,182.45367804126184,182.94218244946683,182.46827029905782,181.96435413708525,182.50586270418665,184.46709364499273,185.01876534108112,186.62019247631804,186.62019247631804,186.5912158858053,186.3333972184604,185.6882196765667,184.87423528419197,185.59011027725484,184.44041012527066,184.54955660250226,183.99572291563666,184.32003647016367,183.39219929767248,183.35540346322364,183.40078624938664,183.45734444322,182.2767115805069,182.50929286651927,181.91559154222298,181.4733530151166,182.08476259531906,181.55213308783303,179.81198701785112,178.76177130251565,178.48173230903924,178.16122730822877,176.57782306658495,175.55531675371236,174.83012015473275,174.25340736480587,,,,,,,,,,,,,,,,,,,,,,,,,
173.08741054757888,172.613196836801,173.51749078950817,175.3707650522024,176.49714426805423,178.55608358309084,179.50188571795334,178.34871738829136,178.35135664973595,175.52224422674004,175.18052149867418,177.50634988162628,178.6599922191003,178.76370938946326,179.78990286206846,180.48433528028613,180.80980931727424,181.24539491827014,181.93422795170764,182.38647516160097,182.6156901965247,182.84722888930548,183.28258720500122,184.23186594753255,184.9741190669737,186.17009527204695,185.43554405737078,184.338474500728,185.59126996308606,185.25736409687332,184.57117646424422,185.2127257735279,184.8908991878054,183.3848317129029,182.9947797994391,182.5384406531767,182.53598763543633,182.71870704179258,183.06935655857458,182.36994930335453,182.40864958758266,182.67378230839415,181.8687119557398,181.82930945334311,181.25023790058304,179.92295193218322,177.19543794832606,177.1630268889421,176.82398781706044,175.77386071321843,,,,,,,,,,,,,,,,,,,,,,,,
175.5186012455447,173.70402729957192,173.49240950093412,175.16086525176206,175.3726507798844,175.60667200580642,175.03068328618374,175.86258825829984,177.5953803690621,178.7416002185725,179.54091121735482,180.36530233403383,181.054379339613,181.38974090491692,181.67562738363182,181.58889721892527,182.70585372634474,183.54831076113692,182.30151277959257,182.40904226804187,182.4161627062617,182.68228482898488,183.06676508751988,183.28058077585825,183.4207485437197,183.45610781032278,183.35885749886452,183.12862840464695,181.7237696521037,182.36040755374697,182.10916064521035,182.12887023490867,182.1723201732397,182.24580169256137,182.3922165165965,182.98697763313226,182.56480344284125,182.77799605712633,182.37418091576535,181.51832780214792,181.30562775063575,181.09256956005072,179.51133650766576,179.15866958615587,178.96667133129773,178.1740428989037,176.22495075857395,,,,,,,,,,,,,,,,,,,,,,,,,,,
174.72707084080494,174.52534111814757,175.4053278388554,176.661413311355,176.79194087716482,177.01981184789108,177.2639749201966,177.49441892025953,178.17335943731894,180.67778333376768,180.9218023779823,182.43822368928633,182.09363931947343,181.9864771875445,182.10239257135353,182.2420873188355,183.80295127627699,183.93064759733866,184.5220134167252,184.29149547207436,184.30647140454354,185.09025205091228,184.1364018020564,183.65717021204165,183.80377112106095,184.22107605588954,184.03962623002312,184.12025386272987,183.7611860420237,183.73846945471465,183.74591969651618,184.06728876415227,183.45751293705717,183.01063353907895,183.13383344417053,182.42992609774242,181.82130099546217,181.3616994006616,181.39013712950612,181.39013712950612,181.71346531736583,181.52587562605424,180.95131850313032,181.2024417905071,181.33221985386965,180.76696958809805,,,,,,,,,,,,,,,,,,,,,,,,,,,,
179.85094294939452,177.30571571014391,176.83326648572634,175.8548371103097,177.1276235334728,177.9234542172384,177.68487028975454,177.4575788613549,177.5876050707923,178.40144399819818,178.9773320741654,180.49230797619418,181.765129791946,182.66886432312475,182.77535758920547,183.7987187444276,183.70835126917126,184.05020499665105,185.06181022911534,185.28933773194612,185.28933773194612,185.28933773194612,184.66527099359968,185.37856968779383,185.10530530871984,184.8628264378932,184.25498751911272,183.60196129325723,183.80377112106095,183.80377112106095,183.00157971424892,183.00157971424892,182.77014419182672,182.79542816237003,182.9210336348487,182.10014268039316,181.51687470236587,180.77380898942226,180.5704611021534,179.58005485267503,179.3334207636056,178.84565223837805,177.33506529710294,176.18592516570965,175.08301691434843,174.86731329191323,175.5347711292687,173.10632770076015,,,,,,,,,,,,,,,,,,,,,,,,,,
170.60961045498723,169.9082765649566,170.6954929233021,171.9360792811228,172.44766512154828,172.6620944329721,172.63440648372833,171.3939137990106,171.55573613624335,172.7430434519722,172.94443057702802,173.41873558670386,174.70495947461285,175.64660479823183,176.31779569434119,176.74358348412412,176.62854696543732,176.94917680518137,176.5764099160514,176.54803594657287,177.78776942698545,178.19994007278308,178.34614576497526,178.53370467629486,179.17605661959217,178.76730102233253,179.83355049549272,180.17692448410057,179.8876371183631,180.1848244541215,180.17589661880655,180.24028985742765,180.24028985742765,179.96379223431293,179.59725830625314,178.40075321948515,178.14139297308046,178.03847540198907,177.68530197063006,178.23451993974058,178.0018883244234,177.07082397319422,178.40528038150362,177.49124766839165,177.02257118872475,175.12039960436582,174.9035864822559,,,,,,,,,,,,,,,,,,,,,,,,,,,
174.07378654276204,173.23442437406183,173.5905385623916,173.94903989898293,174.64364999650135,172.8352441161781,172.1401821022973,172.8635603920735,173.37042267378789,175.72747192522922,176.2216080744656,176.69314367313325,176.67253125608352,176.85743845249613,177.1866826239942,179.52749772305353,179.72608150591716,180.56313135478206,181.1091181732963,181.09527972750314,181.31525623403599,181.34425549573385,181.92197645097687,184.1873871554146,184.30505621731547,184.06409768840157,183.70250784652623,183.3363156185124,182.84831255786676,182.90342257665233,183.26023892651963,182.89491665642595,182.21062124173883,182.74912030002733,182.69687193187875,182.71851513841298,182.33660018741455,182.3894185786117,181.7781981005608,181.7238396523589,181.13743738349478,180.56410357813377,179.84649238202877,179.1848711432087,177.3172647526766,,,,,,,,,,,,,,,,,,,,,,,,,,,,,
175.7826850229867,174.97600050176987,175.38382729218833,175.73300353674844,176.0806321942956,178.03872264143754,178.83685618008272,178.58557678859785,178.58557678859785,177.65421542371405,177.65421542371405,179.00662762919725,179.3158871977711,179.82480960686124,180.75791073726293,179.86355466274625,181.0996821218083,181.81188070738403,183.17105960519038,183.43279509830234,183.52165494621218,183.5741311254654,182.84245235524145,182.95793262999106,182.81603930503968,182.19991922542582,182.4348205659092,182.6210139732364,182.69949600042884,181.609697552898,181.94426225421563,181.28033510964627,181.28033510964627,181.32052504778352,181.47162570534465,181.17666432425625,181.4833086284229,181.1400055783981,181.12230914646514,181.1781532949283,181.1781532949283,180.46305456626862,180.5669629975177,180.1973409149298,179.16361468417648,178.46875092471097,178.0194571873824,176.65318135825981,175.94047903385894,175.24762148575803,,,,,,,,,,,,,,,,,,,,,,,,
173.1248064830552,174.54183741928622,175.56951858124128,175.65120888242765,178.052474356885,178.8565180858428,178.74990200766428,178.77272069549076,177.73523782986663,178.750505458991,180.35521797925597,181.2836790667519,182.20706423146382,183.09515951532094,183.87606086800082,184.36762167157204,184.21480816229297,184.30637943956518,184.15410894290375,184.38371644802572,184.72248357662687,185.45182420062355,184.88850734257198,184.88850734257198,184.524398203116,184.1605247171343,184.0891085862513,183.13389604595184,182.5303469972793,182.32679235625764,182.6884357526785,182.45143284584623,182.4204713350122,182.48065268813366,182.30203431314266,181.85883664282696,181.20000414413678,181.7957331320444,181.71798202673133,181.77362698772114,181.50743575877496,181.29371901152712,180.61720762030563,179.41805108581178,178.2764758794227,177.38759161727,175.4502055551418,175.68644335662827,,,,,,,,,,,,,,,,,,,,,,,,,,
174.3412892113744,173.55037247553622,175.93047753968978,178.0963007153822,178.79579392168094,178.12083433629695,178.3692439254986,177.46529230101265,176.8697551377809,178.53154616276046,180.4511385467873,180.67669034027932,181.01214967492083,181.79361959398187,181.45060898751112,181.3245219122912,181.61421075341488,181.98323890836159,181.83483296694126,181.6845999592832,181.83987421407983,182.19623374505736,182.08805495340772,182.70149688566423,183.33482956898925,182.61330171340563,182.3604508009163,182.67867842594532,182.45665672674642,182.45665672674642,182.7444788902851,183.20536201719503,183.21350001696254,182.78847657803334,182.12189977745896,181.21887523513132,180.94147706162516,180.80818770243926,180.52959141774485,180.5440263307135,180.04515679903622,179.54437186576044,179.22694842233363,178.19225710021965,177.52083730981792,176.94207972721304,,,,,,,,,,,,,,,,,,,,,,,,,,,,
177.28002107034078,175.4748277192957,174.98753007965942,175.99351201482983,177.27368900609375,177.27368900609375,178.08376581824996,177.60899614393364,177.5950986066104,178.0351135153175,179.7853392794805,180.49283172504235,182.31853693300494,182.81922938357187,183.13693947911193,183.69599434962907,183.48749547466113,184.19504170686935,183.8031573369792,183.98930832821875,184.02979368032652,184.57533394739784,184.22941582642062,184.25486688015113,184.7640022501663,184.43212956046375,184.33340867277926,184.1647451197545,184.2250505870273,183.83184935938468,183.2334563184841,183.85970620842915,183.27112931203837,182.8906685831346,182.6962206601566,183.25865791744576,182.1203542082443,181.47684498931648,181.1319317821182,180.9444869443388,180.99847936592747,179.035049685872,177.80354441958946,176.77551481664315,,,,,,,,,,,,,,,,,,,,,,,,,,,,,,
175.72397254731115,175.70618532686103,174.67259097570007,173.880677937005,174.4180562179973,176.5875448082585,176.58575439378436,177.16873276830955,176.47554420051728,176.72139426055233,178.98693877756406,179.8932096115443,180.9362637045145,182.78721697996968,183.25108096698887,183.6126175048421,183.84694292849116,183.86954258396565,185.02854099021505,184.81470201917244,185.3836423102986,184.7783653835493,185.12262072436062,184.603204619589,184.24118699603906,184.2363394217166,184.10226731676352,184.12093347655696,185.78237274288583,186.08720760981652,185.93324840374282,185.573505666576,185.79811035496832,184.1411741272265,184.52996797824107,185.06584601503496,184.2571208264889,183.74266270662437,183.13512290236795,182.56720298273262,181.77239113779436,180.2701581317942,180.48226951275743,178.54910125694735,177.38823336056726,176.81715859199468,175.5605054061002,175.364680731375,,,,,,,,,,,,,,,,,,,,,,,,,,
173.96630613732432,173.10457508395487,174.48462926871483,174.80441693599934,177.36504070401702,177.3769736911347,177.8465050907702,177.9706835706568,179.21331825300018,181.0210847176241,181.47822936544495,182.85841361565772,183.58035660881924,184.0514624579098,183.26967734414262,183.15281083350214,184.05653804442323,184.63607197890434,185.2090861108127,185.88682924976595,187.0232930015588,186.31594668306587,186.02036954031632,186.3804937994795,187.1417527220108,184.61316025887044,185.28106155938858,184.40875413013586,184.19191680552981,183.77662641979904,183.7611860420237,184.0312013131763,184.39147156531126,184.47736627966015,184.7124515179721,185.35179952087455,184.47796355625675,,,,,,,,,,,,,,,,,,,,,,,,,,,,,,,,,,,,,
183.66286965083486,182.21197028935146,181.12218417291595,180.78482460299188,180.80477252798357,181.36506465560007,181.35421934444565,181.1091988485547,180.27560266223568,180.5555209635223,180.54396061022092,181.39133249011877,182.0639754459367,182.9893750498279,183.70273413822176,183.95833258744847,184.04033636200438,184.48503745366747,184.48503745366747,184.70813630333805,184.679359850224,184.65081188073137,184.63546342690267,185.69411496340217,185.69447324268071,186.03755392698716,185.7039126887988,185.7137607085562,185.16177399062664,185.51179651760373,185.52151672779348,185.90057212886134,185.16177399062664,184.96539604868346,184.96539604868346,184.92218944732957,184.07725320141296,184.10407392713702,183.7792886995347,183.7792886995347,183.72957197313698,183.8785245028477,183.90344383563033,183.53116006597259,183.648719508341,182.4943191301207,,,,,,,,,,,,,,,,,,,,,,,,,,,,
181.9777440738785,181.30556770030478,179.82806919508496,179.93561671834755,179.91822293076714,180.60772623434468,181.9030715260617,181.55546536802999,180.63312142194656,181.3303567582532,181.21370640177432,182.79992169164836,182.71674947991932,182.9483757877543,183.19912487566395,183.76200059765597,184.23276929658317,183.4979684076417,183.8316267832504,183.82578165431494,184.44358789467267,184.43042552883182,184.40360480310775,183.8034300077499,185.3327879715751,185.33989398412868,185.69754089644636,184.75046516081153,184.97959139896375,184.94714565399167,184.32827770228312,183.59481142268064,183.610410699044,183.6259506442863,183.29881134314093,183.3086029704559,182.7597535468893,182.8621354078192,182.8621354078192,183.2065865455887,182.78565496780132,181.88248857848245,180.2862778997322,,,,,,,,,,,,,,,,,,,,,,,,,,,,,,,
180.17200968620415,179.50858731925703,179.07453432818303,178.29611636278386,178.39707291474488,179.0844387646384,178.51243281546402,177.94235405305173,177.2573886425184,177.7085271893057,178.28140177907272,178.7304397715701,179.40356579483498,180.96624620257316,180.9092724366825,181.31080977281727,182.09075709342716,182.0232709296854,182.24408590828665,181.75387093092493,181.85762279089963,182.28144508377602,181.91603005856885,182.33727497993476,182.182707147006,181.8454699860895,183.01612665998994,182.42917323013702,182.18222567512433,182.8377698285057,182.91386413042892,182.90250095988029,182.65967943267435,181.50971425748185,181.7129389944157,181.52918275130043,180.96616313856686,180.42467590367033,180.77462272647261,,,,,,,,,,,,,,,,,,,,,,,,,,,,,,,,,,,
180.08906492067405,178.621718808517,177.9299693469589,177.71854355268317,179.09325142720286,180.1154695092248,179.7753118203755,179.08916762254026,178.74703469532548,178.07146118062417,179.20403655220085,179.89393365440182,179.76613024873558,180.28685499319204,180.45420391288167,180.26692523919147,180.89566883112383,181.24766416453645,182.3909602647958,182.97280441261844,182.6949938317658,182.34516095954848,181.23956931552172,181.52664085220337,181.34487305687065,182.0377057868051,182.24665937904675,182.24665937904675,182.24665937904675,181.79220445801315,181.71955557955874,181.95428563777176,182.13894012619855,182.29991621537727,182.69882792363848,182.761385193628,182.45978621301532,182.45978621301532,182.64762966529221,182.422225925588,183.14033709717458,182.71250183143283,181.74634751419956,181.0617881726613,181.17150201100768,,,,,,,,,,,,,,,,,,,,,,,,,,,,,
180.44719326058782,180.3248570915308,180.5611788826713,180.55144072365223,181.0321308573081,181.26949676886827,180.31406366631683,180.17553116205147,181.20652652768223,182.21259389076553,181.48518305132708,182.3219277946201,182.91737402039058,182.77535758920547,183.71092977223617,184.40828442992066,184.40828442992066,184.61197389536406,184.88103330898244,184.84432714786325,185.4013451225468,185.2619162713308,184.65319796747406,185.14978119812656,184.56776997596992,184.55100211589462,185.07743033315853,184.63340257590315,184.668977385647,184.71562093375192,185.288919857122,185.23867234100007,184.8277032597952,185.2097773615635,185.9076894822285,186.47912108427332,185.25002518654026,185.44097045254532,185.44097045254532,184.98948053121316,184.98948053121316,183.9340333589738,182.81881124661405,183.0913074596256,182.13223034005506,,,,,,,,,,,,,,,,,,,,,,,,,,,,,
182.2417312489413,180.06392793940856,178.04736794463372,178.09241302545988,178.45815310389474,178.45033645909456,178.55826835880382,178.22301640306804,178.45033645909456,179.83415196128638,181.24099487918338,182.0646407206953,181.94885487081115,183.6270463443985,184.1095529570746,184.5671757676758,184.44336121821985,184.3864910664008,184.71075013618653,184.84896843088316,185.18610099618385,184.5511636650055,184.77589397783996,184.79124243166868,184.96667217801775,184.3010643025618,184.73737855662912,184.99371543446577,185.02661162971853,185.02661162971853,185.23231712565007,185.57711176675718,185.5442594711288,185.5135359383917,186.2245324747417,185.7867057350346,185.03295006942164,184.89956189315978,185.03157235333327,185.01692103654477,185.2061019228432,185.09432750590165,183.98326293425524,182.83304418889938,182.3505289790167,180.65198269323082,,,,,,,,,,,,,,,,,,,,,,,,,,,,
179.88415118187177,179.4319117792889,179.59112008936376,179.1559865185935,181.1189159305672,181.11456327248473,181.11024434322053,181.10170611520635,180.63583146170174,180.74003650174063,180.94800530631986,181.34376737856928,181.23159673154356,181.42542969600294,181.3732887573755,181.83492298110164,181.8499336644137,181.8240898323761,181.83921543379694,182.39448917605827,183.36208322627184,183.36208322627184,183.25763595343878,183.86250839390766,184.07841851632753,183.73665563461242,183.97153131661966,183.95246450217775,184.2191905388767,184.10164135893584,183.82979225336385,184.17451756614815,183.72387332780374,183.71280926910566,183.7082645703488,183.59940115172733,183.4767153949084,183.62975135933962,183.65419119080116,183.6903007070888,182.92900339062908,182.72903231954024,181.58621486691192,180.90573478499536,,,,,,,,,,,,,,,,,,,,,,,,,,,,,,
180.4499028273464,178.98410763507238,178.18029417967884,178.18029417967884,178.37813079307912,178.36088860897334,178.58557678859785,178.82575862390115,179.07378090247187,180.11931079830433,180.79507947392082,180.6953221727145,180.5857721665399,180.5580624508205,181.54677459222745,181.38456330223158,182.1037581777316,182.28508304039136,182.5102985471232,183.64408028338414,183.65319728219544,183.72208467649858,183.01927668496506,183.38902254625435,183.41075677611735,183.56910943913266,183.20780745124642,182.854718565198,183.27107762080942,183.49595477089076,184.09444918001483,184.07968983476866,184.68063406024234,184.68063406024234,184.68063406024234,184.50564521689833,184.48059240716435,184.82187005896918,184.25418155399504,184.2871038523329,183.91256086447942,183.94883959761728,183.91256086447942,183.9851453493453,184.35278043354964,183.92659599790233,183.4794425502,183.17202383433658,,,,,,,,,,,,,,,,,,,,,,,,,,
182.36868673099227,181.35698870553708,180.26491737428225,178.91242147002333,179.1629790318096,179.8507069747315,179.6131252077203,180.41598334553117,179.1416953108298,179.36828165219907,179.89020732451334,180.60592572474226,180.85465621430856,181.89100211946854,183.25714329833698,183.18215351828334,183.39738254562133,184.18042778957332,184.96806352834753,184.7425013726275,184.73393313887755,184.70108035488326,184.70108035488326,184.34767651042935,184.97484707625534,184.651689491089,184.75392591028614,184.6433690954154,185.00759665689844,185.00759665689844,185.7792522634091,186.38700098622186,186.04835432995927,186.02134288565895,185.69275886091853,185.26390743088035,185.22291029877567,184.82892027474813,184.85706715679675,185.90502569187515,185.31084005212205,184.42834785390045,184.44912224730228,184.44912224730228,184.1186439539416,184.14320747435437,183.34743072798307,182.8914620525184,182.42973116008454,181.84135753415075,,,,,,,,,,,,,,,,,,,,,,,,
181.12187877226472,180.44644812240273,180.56989064803878,180.27508332007037,180.46694225022122,181.7583390899252,182.11248818447902,180.56191558536378,180.60611158271007,181.20659831992853,181.67572118142968,182.81206826377735,183.86767698568212,184.12018303710173,184.35059639564375,183.50974458983853,183.93858996152673,183.79915738849965,184.67836526717107,184.31477010626836,184.32621541194976,184.32621541194976,183.97111272917556,184.31067546670755,184.64017525086513,184.65419085222774,184.33323057005427,185.62789345218954,185.475562633059,185.8729566081202,186.81957870423918,185.52828952751625,185.55772858954379,185.5342081559253,185.97039356705676,185.9911891988103,185.7903738387116,185.7903738387116,185.71354005712266,185.93160213098645,185.94071912979774,185.35718929304576,185.34621603322796,184.92100968870466,184.5511636650055,184.58167259690003,185.1573515874821,184.62159983510222,184.39881094461697,184.43281563190413,183.55025239678494,183.55025239678494,182.97778815308797,,,,,,,,,,,,,,,,,,,,,
182.41069029468474,181.697680270521,181.04186855200632,180.78363200928408,180.56063812860464,181.10589366259296,181.01983500502743,181.0301035670069,180.66721110630152,180.9260756700618,181.26218810569145,180.81033940842457,182.46378150284795,182.39711036866356,182.89756494238262,183.56087532172197,183.47922503101907,183.55826177208363,183.44319915092376,183.9282436733398,183.83865374254864,184.18063456934152,184.09465659897828,183.69016218835,183.6629432927667,183.6629432927667,184.01564883446966,183.73636034506325,183.67648783633328,184.68063321701158,184.10037882216415,184.61751026695893,185.21017048732008,185.4379782027595,184.76912763191626,184.81898427020514,184.4404759408154,184.66739414644846,184.41413973614502,184.41413973614502,184.80418521239525,184.4563500056466,184.21909534924848,183.63246971874958,183.63246971874958,183.31571026007109,183.53953112753098,182.39717902552167,182.37441689813468,182.06909623073022,181.88378673316586,182.11624546165217,181.78363780560932,,,,,,,,,,,,,,,,,,,,,
181.4255165432118,180.45086072557055,179.21606721285883,179.3024787913114,181.11456327248473,182.13327453188836,182.46245055268332,182.685288989848,181.88919997783682,181.85108295307518,182.6030984806566,182.75885671059146,183.43885001432554,184.27111281873215,183.7881451531949,183.06933197103214,182.57213356677596,183.16451515041032,183.14719870831937,183.1637146093935,183.52326425453094,182.71896178367297,182.74086551359187,183.3237379696767,183.22910848274245,183.1177826263741,183.3664606634298,183.91874417487628,183.76944090155757,184.09231373272482,184.77925621942006,184.77925621942006,184.4648111352922,184.43537207326466,184.19898449433472,184.19898449433472,184.4832416226382,184.67416371113077,185.05461241860226,184.78313833974417,184.75393187890543,184.33323057005427,183.91719153466724,184.02306596823564,183.95258153886903,183.39783224732528,183.4425538292184,183.85763023929056,183.6962110247909,183.5795101287646,182.87109101085733,,,,,,,,,,,,,,,,,,,,,,,
181.47015854689568,180.88511905136718,180.53081237036855,181.2375969352159,182.36038926480748,182.37240082886672,182.59972608909916,180.0682905272722,180.27508332007037,180.28303480905757,180.75384833307078,181.83982233896452,181.9627013345606,182.32475941424642,183.25604114255117,183.54643326172783,183.3382407775917,183.18029493651596,183.58601573630807,183.81249446878633,183.80548404692254,183.81272474237056,184.04973677914467,184.27930471972246,183.12573166759887,183.67737062483798,183.45170025176037,184.22780262546166,184.4388565604154,184.48916932431558,185.25621426260386,184.88240803310427,185.74819095030472,185.74819095030472,185.77640273064173,185.5588539844128,185.54120477803986,185.34696397174758,185.01040546698525,185.01040546698525,185.14780375659836,183.8804750970735,183.98042027112405,184.38043938621513,183.80692976184056,184.35970125093883,184.3477331540885,184.0298669158185,183.42144108534723,183.19480474199992,,,,,,,,,,,,,,,,,,,,,,,,
182.28847840765417,181.80169812694498,181.10943437590475,180.5211101479265,180.81473527862445,180.79469127751344,180.19344642579472,180.19344642579472,180.08933846114255,180.51822025992493,180.95180414257902,182.26146758760828,182.9258960734663,183.41631237250056,184.1369400598126,184.10016205514935,183.69363787183323,183.75476846957181,184.30020450012267,184.32959105858674,184.55386576825316,184.32959105858674,184.7097621891192,185.05986884626412,185.52837944256927,185.44527277757922,185.5282513321146,185.34543649565026,185.5604120812182,185.3315484036916,184.60891491391564,184.6199086512304,184.60963786903662,184.66311961660992,185.29753448824297,185.23152555487428,185.2497248013084,185.5604120812182,184.7166416592023,185.1019804631138,184.62944262433672,183.68538144229055,184.4948757277023,184.12224619487105,183.41077864828463,183.05400586106683,183.9791664383685,183.75487615526382,183.77198192562085,184.15002777048335,183.73946793906725,183.05438800061668,182.16593031811743,181.28947968173995,,,,,,,,,,,,,,,,,,,,
181.06231831453147,180.233210025579,180.7359224422445,181.43813711580714,181.66324930972567,180.52777248990742,180.06027959849916,180.6609686204417,182.00253313182688,181.66173234442255,182.74227675037017,183.314524579113,183.56075167126926,183.45027477505005,183.8562830938523,183.72502587907306,183.2431140935282,183.2730647691429,183.32644342815254,183.8608864671404,183.2394339589516,184.40304167372736,184.35852286211968,184.7994812127206,184.2365570317667,185.15064381388862,185.16502408117972,185.37557370702805,185.9520435041866,186.05317915784522,185.34696397174758,185.087508613855,184.35952598841735,184.54583924270938,184.96362742583878,184.64383633046913,184.33959185570902,184.1035621605963,184.12296308409526,184.75743457038087,183.7808006320786,184.4565889789771,184.4565889789771,183.75487615526382,183.76315863417827,183.70387811170164,183.70387811170164,183.08502672042482,183.53272044548723,181.4722933865032,180.33303379594642,,,,,,,,,,,,,,,,,,,,,,,
180.31193296967976,179.29505394644977,178.70864619322467,179.6121826912702,181.9155148271969,181.47942317221705,180.90578666011066,179.85705694472801,180.09237083931376,180.1920763542289,180.6492732908954,182.51145679369466,183.30667589672825,182.7303260213118,183.1490204188476,183.3277181234393,184.0089484291233,183.5231961057451,183.17027599575428,183.43210621134477,184.0139106483401,183.76110523123788,183.74537019076908,184.53341305235355,184.47629426567744,184.59160129933397,184.99248483016808,185.22073893369353,185.40723899578614,185.63501551613265,186.03330081124483,186.76736943658415,186.4544856574832,185.88598783302825,185.90950826664675,186.1408954586688,186.1408954586688,185.21226787125357,185.1643570788747,184.39034071065257,185.0890092498418,184.48199461435485,185.53326229080756,185.37198489689098,185.3853115626872,184.63344154800708,184.68014454856214,183.73941409088758,184.22841758173044,,,,,,,,,,,,,,,,,,,,,,,,,
183.69561434228845,182.78565496780132,182.5837966977215,181.38124668780128,180.93435129923375,180.05802801824873,179.5979502783282,179.22170056775965,179.0225626082622,179.65391028926072,180.09784717716778,181.2002194715497,181.54294757081982,181.67180232187013,182.34851671255865,183.0246026465837,182.95171245711114,183.32837773150857,183.148773287282,183.2061818165739,183.2061818165739,183.4943737262091,183.50208406884428,183.95023774234303,183.89934724140187,183.93157421827473,183.88524462708537,183.88524462708537,184.15096451167153,185.69458276733707,184.93068430640707,185.92664485820382,185.59730907907033,186.22320354634093,185.98927489193804,185.98927489193804,185.30422412624003,185.65496390250897,185.7029716531062,186.52337862446817,185.9364128640364,185.65048465987846,185.60377246705937,184.89127946402067,184.33843566405264,184.38659336288907,184.30948745838288,184.44255895177432,183.64076046657217,,,,,,,,,,,,,,,,,,,,,,,,,
182.64052959368075,181.39283412657267,180.9480927581142,180.58043548633626,180.90601245615895,182.67334763358681,182.67334763358681,181.618943130065,181.6818457970678,181.91292660989055,182.60763242781397,183.29478387126323,184.1979502605821,183.80875245393526,183.38924228430204,183.58924759278938,183.36387895114075,183.3805747413036,182.92226605572986,182.40569264303048,182.3801103648467,182.55891463333208,183.6978878481892,183.9138640222923,184.2731867655468,184.16232352506708,184.29115909228267,184.54908763306713,184.5668372544055,184.74182996174508,185.16552252810627,184.76661081984506,185.39599657601207,185.2459669970903,185.2497248013084,185.13445974510202,185.45182420062355,185.07307541939198,184.59484194420358,184.4061656124259,184.4245960997719,184.39561950925915,183.84113010814366,183.1495409377189,182.69967328788417,182.81849744803728,182.57193431246316,182.13128506472316,181.740848067483,180.7687429772218,180.6721763735737,180.11214532524397,179.75659493883168,,,,,,,,,,,,,,,,,,,,,
179.64275464111225,178.97938982944734,178.96930857897726,181.01571466473078,181.92783842504397,181.58482781857325,180.67140418284998,180.32625305968585,179.98525998501475,179.87214352154325,179.88160686908677,180.10811248904446,180.99850964305762,181.91122831689367,182.42848212629994,182.68878634776874,182.69408211346092,183.1629485858068,183.59138285333646,184.29220774620464,184.46311403174118,184.83410191431463,184.71227927954138,184.97999359340326,184.61317017218312,185.2738277592944,184.9126633421228,185.15588528376537,185.17287187666025,185.90368911387128,186.14899555946755,185.56065826334068,185.9780143391529,186.21753091473468,186.1771133477621,186.1771133477621,185.5442594711288,185.52791620568271,186.08997241327103,185.72965971694344,186.60981183136136,185.70357781626015,185.34884269144163,185.00213464767253,185.01675145032172,184.87950286945028,184.92235411875163,184.69675292721394,183.76784021013464,182.86374747200924,,,,,,,,,,,,,,,,,,,,,,,,
183.06021488756022,181.3834572560676,180.12185782110024,179.65946445849843,180.78448940099418,180.77416472104807,181.021582674899,181.22517632160245,180.88381904696283,181.79872708740518,183.06899462218902,184.25273178158523,184.7058109967507,184.94302535079632,184.9873399135371,184.8741736936637,185.04917753340843,185.0875226840258,185.0875226840258,184.86547057553892,185.22314539559136,185.22314539559136,185.5042857002948,185.53326229080756,184.47200180704476,184.88303385383875,184.8953444693104,185.593340615996,185.593340615996,185.56073061410277,185.94151979375278,185.72604530922973,185.96902286592962,186.09962890811744,186.3175496686404,185.75801419956204,185.4119304064619,185.6250094869146,185.85144586225638,185.51165025813904,184.9483095009988,184.58434892037724,184.61086807255546,184.59209693218313,184.4460624465199,183.88775255354616,184.02022017670487,183.6802922144724,,,,,,,,,,,,,,,,,,,,,,,,,,
183.86852055191338,183.8510007596984,181.99230213208992,181.2833098412768,180.8942965042133,180.54353235824763,180.7665262389271,180.52621591615662,181.06782107911596,180.7553138902578,181.37878127889908,182.15077733130087,181.94206342836424,182.4645579904933,183.12383025861064,183.0696062843453,183.33031039091978,183.30503655951404,183.1819656855974,183.32453196842977,183.32703946900742,183.32943108626617,183.7593053162485,183.2291436098789,183.4924965832315,182.47520482906748,182.70542079861343,182.47520482906748,182.15036599180803,182.8692853714863,183.16417706469548,183.07197638259797,183.23433288039254,183.85591746839054,184.08592853096658,183.85591746839054,183.26956252019014,182.87381021556894,183.3034693569901,182.75069500507175,182.71637588398104,182.22216517667243,181.4809644586676,180.990462688905,180.50293059461447,180.47686420986673,180.69969515684883,180.1965235743818,179.9876712569297,180.38198426491567,180.04905459376155,,,,,,,,,,,,,,,,,,,,,,,
180.2756012467361,179.62448135995336,178.8908011514453,179.06917201572642,178.30463679688077,178.15560113582035,178.1832895145307,179.3657552855739,179.3657552855739,180.43255091660276,182.28154749826783,182.16776699119694,182.50673993663605,182.6455201636888,182.67384234601522,182.72865569017063,183.2975545053104,183.2741391205343,183.132237118105,183.07557249673,182.8769894166314,182.93864257554003,182.40625690894035,181.7830366445404,182.23617001486787,182.23617001486787,182.8300575664917,183.35963146140406,183.3560623127302,183.19957650335988,183.72784981199587,183.75767343827818,182.80629796562155,182.70739226643258,181.8266009433298,181.86140739634212,181.31518581751868,180.592183352129,180.6229411821777,180.07914557503568,179.42333432220417,179.43744832771154,179.3541365729941,178.4102438222756,177.36973069214494,,,,,,,,,,,,,,,,,,,,,,,,,,,,,
177.36231568254314,176.75401886937212,176.51951553912437,177.60036096518263,178.1759456732253,177.57184301652185,177.89102916764804,177.93713437431245,179.0424995156687,179.50569032034235,179.96135285627756,179.97804864644044,181.16229122905781,182.52719155209357,182.3370171237594,181.7726111584357,183.15894141204504,183.45685247947554,184.5371628171465,184.5371628171465,184.51941319580814,184.86099051420973,184.89066495146872,184.51291605989718,183.9716481514716,184.75103720764585,183.72850348401187,184.32358284301728,183.76968396051913,183.99792119346296,184.0066272716233,184.06958707888387,184.06008657179584,184.31310650409455,183.91111669683005,183.55008082911834,184.11211339490555,183.6485839412561,183.4268791712977,184.41864608186046,184.05853084777593,184.00288588678612,184.3492129001187,184.14927828960955,183.6916554790084,183.24989829887426,182.7684324930359,182.5345660639715,,,,,,,,,,,,,,,,,,,,,,,,,,
181.5609835331961,180.06020007773506,180.6413838459304,180.74759729302872,182.69961969322625,182.13796755155485,181.9155148271969,180.8718308994333,180.40820868314466,180.39117601164966,181.22786197801454,182.38690849214433,182.44998705584013,183.81083078944118,184.00128984752672,184.7475208480071,184.8021749931279,185.01692103654477,185.00391995224035,185.3288671107193,185.00391995224035,185.54437258337978,185.61399136606383,184.99375821110527,184.92057758203356,184.50573204332255,184.23736602919644,184.06420968070458,184.2963375628933,184.12093347655696,184.47262251846126,184.68427430294892,184.73330690721343,185.13870737967162,184.76497577813203,185.36769806599665,185.36769806599665,185.34087734027258,186.00507595873444,185.6360830977381,186.58627387485896,186.33732286080624,185.76791756010635,185.07099903866353,185.07099903866353,184.45335950011633,184.48277103690097,184.62421135342512,183.9395438262282,183.36469181360522,,,,,,,,,,,,,,,,,,,,,,,,
182.32339188485975,181.97645579092475,180.4639562509645,179.98776254193893,180.12365589591468,180.3201536134146,180.288420178979,179.95829799888716,180.14238068217435,180.1513533361215,180.3913242841637,180.37316362823148,181.55937871173225,182.4833486588512,182.5773336492462,183.35612380026674,183.7987187444276,184.84432714786325,185.30501199807625,184.93262127464766,184.9075156287768,185.33510574065576,185.69292016473716,185.91128006777024,185.36365371014836,185.35240380267206,183.79780081691797,183.79780081691797,183.8160000633521,183.69279683029905,183.98280106194593,183.98280106194593,184.23761736509363,184.7355480368408,184.7355480368408,185.6839950830996,185.65228121105034,185.88069801152255,185.89892774612474,186.12797875698263,186.15655520324805,185.23152555487428,185.19891555298105,184.81661157965337,185.04274803873028,184.7733684008307,185.03090869452782,185.01649806853294,184.79285396833262,184.43281563190413,183.11729743946893,184.0298669158185,,,,,,,,,,,,,,,,,,,,,,
183.63138765602673,183.16555900875736,181.6784137043306,181.32724323792516,180.65039971160715,180.15410119182658,180.2306715175652,178.97887449173186,180.14876262819783,179.80033515827503,180.30819873859116,181.34321146640397,182.0913702496992,182.32425880871594,182.32425880871594,182.9178577037787,182.39842849717255,182.99812067738506,183.92072954090523,183.51176578281718,183.8454631718609,185.07103359503967,185.08923284147374,185.46444144197818,185.88274434940652,185.94880902451555,185.72149012349203,186.3075817440167,186.3186920365889,185.67214206673344,186.01649022098968,185.62081933715825,186.24105134835315,186.48987558988114,186.45663816954698,185.83396657269802,185.88069801152255,186.2705030154104,185.7873032246643,185.14978119812656,184.32818653760359,185.25604243148757,184.6680292980209,185.10561374813764,184.78910344129946,184.35654447312038,183.13550445644984,183.1495409377189,182.94558016696047,182.69967328788417,182.27334610630737,182.31485528335122,182.74921681505955,182.0804737473148,181.02049972460594,,,,,,,,,,,,,,,,,,,
180.96902941438347,179.7073453285152,178.809125827791,179.98789270014927,179.7771016488028,179.76677743112597,179.99322055763002,180.42112193715548,180.18091179910496,180.78134323076313,181.5152115998234,182.08509043528292,182.6175977694305,182.3742757359685,183.17027599575428,183.18759243784524,182.9771481452265,183.9812448037831,183.94392828055567,184.64138914614028,184.64138914614028,184.53562371976327,184.51569696983142,185.05693901038018,185.04059613740375,185.28471553072671,186.2963318365404,186.3075817440167,186.3075817440167,186.59176467167015,186.300208654345,186.28654402796133,185.9061411137705,185.56456379536894,185.36244345004445,184.57581627493286,184.8450260582275,184.41621100344614,184.7932593312832,183.89042690400456,182.83537520094183,,,,,,,,,,,,,,,,,,,,,,,,,,,,,,,,,
181.9115474411258,180.65790527628388,180.54951639696668,181.65689933972916,182.58054446110694,181.87170099177035,182.12515885696493,181.327705887164,182.3316384066292,183.2414333658037,183.69586843928693,183.38475579476716,182.8013458675586,183.469053678788,183.4962859286256,183.41428788702913,183.9136183096351,183.78133112206834,184.03671412209084,184.39327601932402,184.26136706239967,184.39327601932402,184.754026317857,183.3947799721295,184.4886686992799,185.07214126141994,184.0337690192649,184.3157077270885,185.18330746047465,184.60297562680393,184.97954659051632,184.9604051755419,184.1783945482658,184.24486205129898,184.28688632173888,183.92002035500923,184.28688632173888,184.21424025542743,184.11524413721278,183.68127041394274,183.67992988566158,182.73999227561873,183.01897145715074,182.14744938272696,181.10902022034742,181.9414863909144,181.33810930534688,180.24765922225703,,,,,,,,,,,,,,,,,,,,,,,,,,
178.33723271415178,178.44055514693193,181.6781234264209,181.88773141451782,181.97098895210053,181.23058802284413,181.22928781130685,181.55217189954107,181.82796824430503,182.9043364445713,182.62572365299425,183.49598681447713,182.92024264254067,182.81464894920845,182.75167669373678,182.97020363456986,183.84524433372508,183.47947832415377,183.67126850268122,183.70801894150975,183.70939295645633,183.34107485228054,183.34107485228054,183.23910902785568,182.5817721087149,183.20716052133025,183.59934703748638,183.59934703748638,183.56020320799678,183.5950096610091,184.52310666589943,184.54505583646443,184.6679279206382,184.31918089033897,184.2869088539224,183.866396921794,183.90163417412452,183.1758928068198,182.68624695862607,182.30272240790956,182.07671009701278,182.35626351081595,182.3266458702589,181.98447482665412,181.93604067713022,182.30487853467213,181.62262982679073,180.82363890293595,,,,,,,,,,,,,,,,,,,,,,,,,,
181.27504476877132,181.13347792443597,180.3189319553468,181.00014766672837,182.15629020882153,183.05598095923096,182.48474734256746,182.7041112160576,182.71348381313953,182.71348381313953,183.0543105615741,183.19538920224397,184.32701312227,184.12186806541428,184.5266988846012,184.15002777048335,183.969687309226,183.9791664383685,184.32993058433416,183.9443189696654,184.52350308183827,184.72868516167912,184.2892611303884,183.98074166008197,184.8373317143879,184.11497178043373,184.3020213070315,183.94323630971195,184.14758178232697,184.52832323199326,184.8820935111086,184.96935592452004,185.7240272886376,185.38290379181717,186.08284272923464,185.86960044301472,185.8360974084277,185.51449776024046,185.49674813890212,186.09838267447688,184.82685878112298,185.17932324514962,185.31988244784856,185.17896258169756,184.6852494658767,184.74408910934366,185.83232977680083,184.17330339946668,183.62330400884068,183.02370295556884,183.04267078871993,182.7966854245794,182.5751654340205,182.62601325284461,182.50316161402353,182.95385741712622,182.93311518035938,181.2282977558968,,,,,,,,,,,,,,,,
179.85194921965567,179.86513687364848,180.1915705745505,180.39038388555062,180.17571191285398,180.15441378370681,181.31168351000838,181.29090911660654,181.76222902593864,181.70484579279346,181.93931448107205,182.5043096355643,183.11251896048879,183.79369050629433,183.37747272931634,183.20891735977173,183.14904718353387,182.8892943224202,183.5147273435844,183.5083699267884,183.92375122086696,183.90821127562472,184.71685549072578,183.75951400356652,184.14710236987412,184.14710236987412,184.17307506959696,183.79282952112925,184.26352821109245,184.611294477572,184.25403925662755,184.6393780605391,184.6393780605391,185.0343238642022,184.86599695523736,185.23282037645745,185.27260433419926,184.6130997513603,185.07116574087857,184.2867167124165,184.6249299528306,184.13292167058202,184.448849096262,183.77099517227015,183.09046822275891,182.2784072212858,182.18067281208025,182.4811717405977,182.65751440740195,182.87768369108156,182.3365705415813,180.8473099602966,,,,,,,,,,,,,,,,,,,,,,
180.15145876913482,180.27193995610435,179.5520677083584,181.59114027119458,181.59747619724564,181.81830296445185,181.47106006736607,181.47521856492833,181.69830637236848,181.67125410118828,181.80248799617306,182.76870437418162,183.57365816552945,183.25382265617475,183.65714271577255,183.0762379538965,183.1773906458009,183.1773906458009,183.86598363762263,183.60599965598564,184.38042049059104,184.88270359231177,185.16846797633832,184.65419085222774,183.94419661334925,184.09590999020068,183.69203196886718,183.397243001058,183.77208229313743,184.1271849759117,184.38043938621513,184.8180800318122,184.847286492651,185.30130796199435,186.00524031351338,186.01649022098968,185.7482612525409,186.00524031351338,186.04770306965239,185.69002824959995,186.04770306965239,185.69002824959995,185.60068996454999,185.2546061714499,184.96912477692229,184.86547057553892,184.32621541194976,184.38876011358215,184.72907400552492,183.89045631249837,183.89045631249837,183.91882858356578,183.7336077381373,183.7336077381373,182.35446110315124,,,,,,,,,,,,,,,,,,,
181.48622960557552,181.5711048697613,181.19348942398204,180.479999108978,181.14355962041407,181.5912165712604,181.24614058258052,180.52777248990742,180.56883001029865,181.06044305509704,181.96098298274,182.65001309499357,183.15602870475115,183.04618656007182,183.25520686245073,183.39086145765887,183.17561883009625,183.3368175235764,183.00981346898394,183.2283858535903,182.76726277551867,183.07158885156863,183.46985376434284,183.53353529245086,183.4128907689839,184.27294563426608,184.71254875266737,184.20907191202303,183.98456612722973,184.01331553593147,184.0922187220175,183.75361124308407,183.93502026411872,184.1931241651269,183.82980913552612,184.06408127949257,184.6010269236414,184.63426434397556,185.0025298852914,185.28606992204104,184.9434460837045,184.9434460837045,184.35134882264154,184.96645089235872,184.98916747966774,184.76038524820558,184.69136530948245,184.6811608176553,184.4530028394912,184.17254924002813,184.51336476298334,184.1147915638523,183.62125983930318,183.049637177165,183.65903035319593,183.0067013783566,183.03909046851578,182.70503399351304,182.36563153518526,,,,,,,,,,,,,,,
180.70599741021104,180.35447843881397,180.32671787181883,180.44719326058782,181.240446890168,181.01625368458124,180.6733168394266,180.51887037700664,180.75450891634446,180.9899457902091,181.3610352661075,182.61711483344524,183.4266725083673,183.63350259353555,183.91806340506133,184.131801480453,184.36922194599978,185.03198626453062,185.20681051874814,185.20681051874814,184.8245313461956,184.81079315628585,184.58842578582085,184.36585436696524,184.58842578582085,184.2572968076979,184.6013101867129,184.5612670995093,184.58764556032926,184.6013101867129,184.97642188892323,184.98781405871645,184.94983698942372,185.20050331832184,184.97642188892323,185.56283971290398,186.4263479004763,186.39745333920862,186.28321293981332,186.4508319982183,185.5028449277648,185.7210777420959,185.14039247721547,184.05495338386578,183.85340767228791,182.92354430830997,182.47191131186835,182.47191131186835,182.21533990917564,181.17514721567576,180.64723003878737,179.97537783584613,179.65381021905313,179.54185912850772,,,,,,,,,,,,,,,,,,,,
178.51153415681463,178.970845195694,179.54351237646142,181.15234987144356,181.15932637689625,181.15059459359614,181.37438460558553,181.21261802773662,181.53399864070212,181.98124884485728,182.32734310848295,182.79992169164836,183.59094752107325,183.8182296426305,183.3887589559225,183.48600777008394,183.78835574172854,184.26366786692822,184.4407538316927,185.03789882557712,184.28551695474474,183.21157412082874,182.19190341315337,181.79152097080103,182.07221063064196,181.84440291520255,182.6629665434295,183.16104687348695,183.9042955517727,183.9042955517727,183.40530818012408,183.3533060115744,183.5789072031121,183.60281032208957,183.858035781812,185.36271543615007,186.32812817254688,186.33760011484992,186.20895595818325,186.1771133477621,186.08469386526878,185.46444144197818,184.782302073181,184.10139569390893,184.15021687169485,183.98606393578964,183.43495702346647,183.4102932205074,183.4102932205074,183.3466781616712,183.3855335489627,182.65646586630317,181.64154872233948,181.88666911920257,,,,,,,,,,,,,,,,,,,,
180.96917139680727,179.05327206103436,179.5463611854235,180.67669034027932,181.36142514863792,181.36142514863792,181.24383474390214,180.5479308131253,181.66623259830524,180.55874875982855,181.84458533273343,182.44335171345958,182.52245965933923,182.8002717704505,183.38552188728227,183.25790249300587,183.4706789715407,184.39137665466288,184.98781405871645,184.98781405871645,186.24900290068098,186.28487967615214,185.5624687516463,185.17763524528232,184.5882546107418,184.7082873976525,185.36884516435626,185.02432607947836,185.0540443020029,185.11120430749477,185.12504275328791,186.00106335943315,184.89198560179102,185.7426907927013,185.731440885225,185.4872341823824,185.49126832969958,185.34087734027258,184.9507312688822,184.54908763306713,184.6199234816604,184.84891084205478,183.68063840981927,183.25790249300587,182.72463523772785,182.22730997771416,181.8299822752034,181.26288251839983,179.40356579483498,178.03849038357785,177.17878836150282,,,,,,,,,,,,,,,,,,,,,,,
176.95746565126424,178.0885452478752,179.89248292670723,180.8584466066569,181.05092708191924,181.04818823428928,179.31793960682734,178.7433766537151,178.6276624089623,178.07962249847048,178.31531568210372,179.22738317100095,179.2238456302088,178.27091620852352,178.3218044541814,178.30096204712945,179.03126385730684,178.95949491532303,179.96754979591483,180.75452773727437,182.27101488400973,183.20216265693014,183.07977265148506,183.54626254613723,183.3607547522544,182.87329830488284,183.26748832301345,183.26748832301345,183.26748832301345,184.01417569541104,183.61937494309342,184.1991520276373,183.6028216208171,183.70624149145027,183.33895759125298,184.0680907966639,183.7876142270594,183.7876142270594,184.2603768465662,184.4871998085481,185.8729566081202,185.9206207140468,185.49539926933076,185.11909963721044,184.8401848839227,184.077418478888,183.77099517227015,183.77099517227015,183.8172487489483,184.5291052610844,183.70084704543464,182.9842821435934,181.73224567359998,,,,,,,,,,,,,,,,,,,,,
180.6048572783225,179.43235893406302,179.20827454780814,178.95680551770002,178.406890572643,178.07617103570874,177.73841550043218,178.53004111108734,179.88069405519147,180.21840390678446,181.03003799520644,182.17474411461006,182.9744075619246,183.07027879005292,184.28768033493768,184.35612210047043,185.1231093670164,184.74481312557657,185.34111173950555,185.33237995620541,184.9631679755804,184.75680203700279,184.77974222899726,184.32712971440827,184.36289192710646,184.412214749556,184.412214749556,184.28052061110867,184.49548867428274,184.9774309206033,185.34621603322796,185.2475596594176,185.2475596594176,185.79728447203635,186.19930746890464,185.96127656824544,185.93322020249002,185.60563074919804,185.84268492752068,185.86650952572055,185.1183233360902,184.79084393041438,184.847286492651,183.76348418998762,183.7291539468911,183.46132496959075,183.46132496959075,183.7462597172481,183.76315863417827,183.23683242416655,183.02317165819727,182.884572751656,181.29009338573061,,,,,,,,,,,,,,,,,,,,,
180.1234207094629,180.0,178.70776147044734,178.263074949701,179.52720844610224,180.2272127395917,180.46161477572696,179.88641195218733,180.13888905809694,180.58946890783136,181.36486820483594,183.05795185047964,182.87542953330785,183.6416663797579,184.3240637216596,184.20171151055314,184.68576444780786,185.33918482830614,185.01017425876495,184.16774914801556,184.42952927992252,183.8444166479337,184.0697808604387,183.7102312153013,183.48486700279628,182.944557545976,182.9243521467267,183.32621073712986,182.9691210663888,182.83961199338015,182.63443772770952,183.26176997947078,183.98843244529786,184.70361470429322,184.6162806996767,185.20225709115596,184.81997791860346,184.83464014201118,184.8483047683949,185.2253880776691,184.2363394217166,184.58878610112458,184.14938188389306,184.18977551827123,184.55659893949132,184.29787300080812,184.55362353911767,184.64485473050607,184.47262251846126,184.3420133303633,183.78988935976844,183.5320796142771,185.06378947175415,184.3974398630738,184.9689070976398,184.1147915638523,184.47781436734775,183.84799741066726,183.478412863067,182.4071916191337,,,,,,,,,,,,,,
181.22517632160245,179.51066806953142,179.96023888250141,181.19912885163563,181.2334061032219,181.8039951162006,182.36634653920103,181.12288837471147,181.12756116087385,181.13072530251287,182.15449370339005,182.73634823277018,182.40135774974055,183.11310369873462,183.45368606967517,184.3240637216596,184.03293828655453,183.29881134314093,183.35913196309713,182.32828949227527,183.27829614417152,183.010506055802,183.92656934832706,184.31067546670755,184.67440427416327,184.89909245378777,184.24290988634849,183.91085350113607,184.2816876058752,184.2562365521447,184.48247913540857,184.82682728966478,185.63649893283852,184.83793758223698,185.1935330512777,185.21097791841657,185.21940355137892,185.04330902160584,184.91079727753635,184.96539604868346,183.5704163734451,182.63790268382832,182.19139046083785,182.42689273944015,182.12729323278214,183.54557495512208,183.8160000633521,184.07030297959048,184.29789177074053,184.3039918008621,184.28688603050506,183.6284649076582,183.282619332285,183.23133299967552,183.2545202827128,183.24282668502184,183.92700848483074,183.2838846977347,,,,,,,,,,,,,,,,
